name,position,team,element,fixture,GW,kickoff_time,was_home,opponent_team,minutes,starts,total_points,goals_scored,assists,clean_sheets,goals_conceded,own_goals,penalties_saved,penalties_missed,yellow_cards,red_cards,saves,bonus,bps,value,selected,transfers_in,transfers_out,expected_goals,expected_assists,expected_goals_conceded,influence,creativity,threat,clearances_blocks_interceptions,tackles,recoveries,defensive_contribution,xP
Evann Guessand,MID,Crystal Palace,42,3,1,2026-08-22T14:00:00Z,False,9,27,0,1,0,0,0,0,0,0,0,0,0,0,0,3,55,3238,0,0,0.03,0.02,0.14,3.2,1.8,7.0,0,1,0,1,2.0
Giorgi Mamardashvili,GK,Liverpool,351,9,1,2026-08-23T15:30:00Z,False,17,0,0,0,0,0,0,0,0,0,0,0,0,0,0,0,50,13503,0,0,0.0,0.0,0.0,0.0,0.0,0.0,0,0,0,0,2.6
Anan Khalaili,DEF,Crystal Palace,588,3,1,2026-08-22T14:00:00Z,False,9,35,0,1,0,0,0,0,0,0,0,0,0,0,0,12,50,8418,0,0,0.0,0.16,0.27,24.0,26.5,4.0,5,4,3,9,2.2
Claudio Echeverri,MID,Man City,407,8,1,2026-08-23T13:00:00Z,True,3,0,0,0,0,0,0,0,0,0,0,0,0,0,0,0,50,1572,0,0,0.0,0.0,0.0,0.0,0.0,0.0,0,0,0,0,1.5
Vitor de Oliveira Nunes dos Reis,DEF,Man City,396,8,1,2026-08-23T13:00:00Z,True,3,0,0,0,0,0,0,0,0,0,0,0,0,0,0,0,45,1856,0,0,0.0,0.0,0.0,0.0,0.0,0.0,0,0,0,0,1.7
Harrison Armstrong,MID,Everton,244,3,1,2026-08-22T14:00:00Z,True,8,90,1,8,0,1,1,0,0,0,0,0,0,0,0,25,50,6793,0,0,0.0,0.04,1.96,28.8,14.7,4.0,3,2,11,16,1.5
Elliot Anderson,MID,Man City,481,8,1,2026-08-23T13:00:00Z,True,3,62,1,2,0,0,0,1,0,0,0,0,0,0,0,14,65,707651,0,0,0.0,0.25,0.55,7.2,20.8,0.0,1,2,3,6,2.3
Lewie Coyle,DEF,Hull City,280,4,1,2026-08-22T11:30:00Z,True,16,69,1,6,0,0,1,0,0,0,0,0,0,0,0,23,40,59278,0,0,0.0,0.01,1.16,5.8,11.3,0.0,1,1,3,2,1.0
Ferdi Kadıoğlu,DEF,Brighton,113,7,1,2026-08-23T13:00:00Z,True,2,0,0,0,0,0,0,0,0,0,0,0,0,0,0,0,45,265528,0,0,0.0,0.0,0.0,0.0,0.0,0.0,0,0,0,0,1.7
Pau Torres,DEF,Aston Villa,34,7,1,2026-08-23T13:00:00Z,False,5,73,1,0,0,0,0,4,0,0,0,0,0,0,0,-14,45,38472,0,0,0.0,0.0,3.55,0.0,0.7,0.0,5,0,1,5,1.7
Leif Davis,DEF,Ipswich Town,305,5,1,2026-08-22T14:00:00Z,True,20,90,1,2,0,0,0,1,0,0,0,0,0,0,0,10,40,479363,0,0,0.0,0.01,0.66,15.2,2.3,0.0,7,0,4,7,1.0
Sean Longstaff,MID,Leeds,339,6,1,2026-08-22T14:00:00Z,False,18,8,0,1,0,0,0,0,0,0,0,0,0,0,0,3,50,12582,0,0,0.0,0.0,0.07,0.0,0.2,0.0,0,0,0,0,1.5
Elliot Stroud,MID,Hull City,576,4,1,2026-08-22T11:30:00Z,True,16,70,1,3,0,0,1,0,0,0,0,0,0,0,0,11,50,6733,0,0,0.0,0.03,1.16,8.4,4.8,0.0,1,3,2,6,1.5
Ryan Christie,MID,Bournemouth,75,8,1,2026-08-23T13:00:00Z,False,15,0,0,0,0,0,0,0,0,0,0,0,0,0,0,0,50,1007,0,0,0.0,0.0,0.0,0.0,0.0,0.0,0,0,0,0,0.0
Cody Drameh,DEF,Hull City,281,4,1,2026-08-22T11:30:00Z,True,16,20,0,1,0,0,0,0,0,0,0,0,0,0,0,4,40,1668,0,0,0.05,0.0,0.67,2.2,0.0,1.0,2,1,2,3,1.0
Jacob Ramsey,MID,Newcastle,456,9,1,2026-08-23T15:30:00Z,True,14,34,0,0,0,0,0,1,0,0,0,1,0,0,0,1,50,34032,0,0,0.06,0.01,1.5,7.8,1.3,4.0,3,2,1,6,1.5
Tom Heaton,GK,Man Utd,414,4,1,2026-08-22T11:30:00Z,False,11,0,0,0,0,0,0,0,0,0,0,0,0,0,0,0,40,9078,0,0,0.0,0.0,0.0,0.0,0.0,0.0,0,0,0,0,0.0
Rico Lewis,DEF,Man City,395,8,1,2026-08-23T13:00:00Z,True,3,56,1,1,0,0,0,1,0,0,0,0,0,0,0,-1,45,18491,0,0,0.17,0.02,0.55,3.8,3.8,39.0,2,0,0,2,1.7
Matheus Nunes,DEF,Man City,389,8,1,2026-08-23T13:00:00Z,True,3,33,0,1,0,0,0,0,0,0,0,0,0,0,0,4,60,123928,0,0,0.0,0.04,0.1,3.8,1.5,4.0,1,0,2,1,2.8
Conor Gallagher,MID,Spurs,519,2,1,2026-08-22T16:30:00Z,False,4,45,1,0,0,0,0,2,0,0,0,1,0,0,0,1,55,26860,0,0,0.02,0.06,1.7,0.0,5.5,1.0,0,1,2,3,2.0
Micky van de Ven,DEF,Spurs,503,2,1,2026-08-22T16:30:00Z,False,4,0,0,0,0,0,0,0,0,0,0,0,0,0,0,0,50,522301,0,0,0.0,0.0,0.0,0.0,0.0,0.0,0,0,0,0,0.0
Joelinton Cássio Apolinário de Lira,MID,Newcastle,458,9,1,2026-08-23T15:30:00Z,True,14,0,0,0,0,0,0,0,0,0,0,0,0,0,0,0,55,3620,0,0,0.0,0.0,0.0,0.0,0.0,0.0,0,0,0,0,0.0
Kim Ji-soo,DEF,Brentford,92,2,1,2026-08-22T16:30:00Z,True,19,0,0,0,0,0,0,0,0,0,0,0,0,0,0,0,45,1635,0,0,0.0,0.0,0.0,0.0,0.0,0.0,0,0,0,0,1.7
Cole Palmer,MID,Chelsea,154,10,1,2026-08-24T19:00:00Z,False,10,82,1,13,1,1,0,2,0,0,0,0,0,0,3,60,95,919516,0,0,0.28,0.19,1.24,65.2,41.3,54.0,0,2,7,9,3.2
Andrey Nascimento dos Santos,MID,Man Utd,162,4,1,2026-08-22T11:30:00Z,False,11,66,1,2,0,0,0,2,0,0,0,0,0,0,0,17,50,93940,0,0,0.0,0.23,0.94,11.4,4.2,2.0,3,1,5,9,1.5
Oli McBurnie,FWD,Hull City,295,4,1,2026-08-22T11:30:00Z,True,16,90,1,5,0,1,1,0,0,0,0,0,0,0,0,21,55,113765,0,0,0.16,0.01,1.83,17.2,21.1,52.0,3,0,2,5,1.8
Kaine Kesler-Hayden,DEF,Coventry City,177,1,1,2026-08-21T19:00:00Z,False,1,0,0,0,0,0,0,0,0,0,0,0,0,0,0,0,40,6032,0,0,0.0,0.0,0.0,0.0,0.0,0.0,0,0,0,0,1.0
Sindre Walle Egeli,FWD,Ipswich Town,321,5,1,2026-08-22T14:00:00Z,True,20,10,0,1,0,0,0,0,0,0,0,0,0,0,0,3,45,199675,0,0,0.0,0.0,0.03,0.0,0.1,0.0,0,0,0,0,1.0
Marcus Rashford,MID,Man Utd,429,4,1,2026-08-22T11:30:00Z,False,11,45,0,1,0,0,0,0,0,0,0,0,0,0,0,9,70,134653,0,0,0.0,0.1,0.09,11.6,48.6,4.0,0,0,1,1,2.5
Karl Darlow,GK,Man Utd,325,4,1,2026-08-22T11:30:00Z,False,11,0,0,0,0,0,0,0,0,0,0,0,0,0,0,0,45,3043,0,0,0.0,0.0,0.0,0.0,0.0,0.0,0,0,0,0,1.4
Facundo Buonanotte,MID,Brighton,128,7,1,2026-08-23T13:00:00Z,True,2,0,0,0,0,0,0,0,0,0,0,0,0,0,0,0,50,528,0,0,0.0,0.0,0.0,0.0,0.0,0.0,0,0,0,0,0.0
Enzo Fernández,MID,Chelsea,155,10,1,2026-08-24T19:00:00Z,False,10,25,0,1,0,0,0,0,0,0,0,0,0,0,0,6,70,442051,0,0,0.0,0.02,0.28,3.4,12.0,0.0,0,0,3,3,2.5
Rico Henry,DEF,Brentford,89,2,1,2026-08-22T16:30:00Z,True,19,0,0,0,0,0,0,0,0,0,0,0,0,0,0,0,45,22322,0,0,0.0,0.0,0.0,0.0,0.0,0.0,0,0,0,0,1.7
Rayan Vitor Simplício Rocha,MID,Bournemouth,67,8,1,2026-08-23T13:00:00Z,False,15,88,1,2,0,0,0,1,0,0,0,0,0,0,0,9,65,242374,0,0,0.04,0.03,2.06,6.2,11.3,17.0,1,0,0,1,2.3
Guglielmo Vicario,GK,Spurs,494,2,1,2026-08-22T16:30:00Z,False,4,0,0,0,0,0,0,0,0,0,0,0,0,0,0,0,45,35657,0,0,0.0,0.0,0.0,0.0,0.0,0.0,0,0,0,0,0.0
Pascal Groß,MID,Brighton,124,7,1,2026-08-23T13:00:00Z,True,2,90,1,2,0,0,1,0,0,0,0,1,0,0,0,18,55,1308033,0,0,0.0,0.27,0.29,21.0,56.9,8.0,0,3,2,5,2.0
Takehiro Tomiyasu,DEF,Crystal Palace,577,3,1,2026-08-22T14:00:00Z,False,9,18,0,1,0,0,0,0,0,0,0,0,0,0,0,3,45,31543,0,0,0.0,0.01,0.14,2.4,2.4,0.0,1,0,1,1,1.7
Gianluigi Donnarumma,GK,Man City,384,8,1,2026-08-23T13:00:00Z,True,3,90,1,3,0,0,0,1,0,0,0,0,0,3,0,12,55,722204,0,0,0.0,0.0,0.65,26.8,0.0,0.0,1,0,4,0,3.3
Ewen Jaouen,GK,Newcastle,444,9,1,2026-08-23T15:30:00Z,True,14,0,0,0,0,0,0,0,0,0,0,0,0,0,0,0,45,2666,0,0,0.0,0.0,0.0,0.0,0.0,0.0,0,0,0,0,1.9
Wilfried Gnonto,MID,Leeds,341,6,1,2026-08-22T14:00:00Z,False,18,0,0,0,0,0,0,0,0,0,0,0,0,0,0,0,50,2172,0,0,0.0,0.0,0.0,0.0,0.0,0.0,0,0,0,0,0.0
Giovanni Leoni,DEF,Liverpool,363,9,1,2026-08-23T15:30:00Z,False,17,0,0,0,0,0,0,0,0,0,0,0,0,0,0,0,40,4082,0,0,0.0,0.0,0.0,0.0,0.0,0.0,0,0,0,0,0.0
Gabriel Fernando de Jesus,FWD,Arsenal,27,1,1,2026-08-21T19:00:00Z,True,7,0,0,0,0,0,0,0,0,0,0,0,0,0,0,0,60,31403,0,0,0.0,0.0,0.0,0.0,0.0,0.0,0,0,0,0,2.0
Reece James,DEF,Chelsea,142,10,1,2026-08-24T19:00:00Z,False,10,90,1,0,0,0,0,2,0,0,0,1,0,0,0,5,55,879361,0,0,0.1,0.07,1.33,23.4,16.8,19.0,6,0,4,6,2.5
Curtis Jones,MID,Liverpool,373,9,1,2026-08-23T15:30:00Z,False,17,0,0,0,0,0,0,0,0,0,0,0,0,0,0,0,55,4822,0,0,0.0,0.0,0.0,0.0,0.0,0.0,0,0,0,0,1.5
Carlos Baleba,MID,Brighton,131,7,1,2026-08-23T13:00:00Z,True,2,0,0,0,0,0,0,0,0,0,0,0,0,0,0,0,50,17798,0,0,0.0,0.0,0.0,0.0,0.0,0.0,0,0,0,0,0.0
Nick Pope,GK,Newcastle,442,9,1,2026-08-23T15:30:00Z,True,14,0,0,0,0,0,0,0,0,0,0,0,0,0,0,0,50,113822,0,0,0.0,0.0,0.0,0.0,0.0,0.0,0,0,0,0,2.6
Anthony Patterson,GK,Sunderland,530,5,1,2026-08-22T14:00:00Z,False,12,0,0,0,0,0,0,0,0,0,0,0,0,0,0,0,40,18557,0,0,0.0,0.0,0.0,0.0,0.0,0.0,0,0,0,0,0.0
Chemsdine Talbi,MID,Sunderland,549,5,1,2026-08-22T14:00:00Z,False,12,31,0,1,0,0,0,1,0,0,0,0,0,0,0,1,55,20822,0,0,0.0,0.0,0.14,0.0,0.9,0.0,0,0,2,2,2.0
Yasin Ayari,MID,Brighton,129,7,1,2026-08-23T13:00:00Z,True,2,63,1,2,0,0,1,0,0,0,0,1,0,0,0,8,55,61091,0,0,0.11,0.03,0.19,0.0,15.0,6.0,1,0,3,4,2.0
Joško Gvardiol,DEF,Man City,391,8,1,2026-08-23T13:00:00Z,True,3,90,1,9,1,0,0,1,0,0,0,0,0,0,1,28,55,980214,0,0,0.19,0.05,0.65,47.6,13.3,17.0,5,2,5,7,2.5
Diego Coppola,DEF,Brighton,117,7,1,2026-08-23T13:00:00Z,True,2,0,0,0,0,0,0,0,0,0,0,0,0,0,0,0,45,1583,0,0,0.0,0.0,0.0,0.0,0.0,0.0,0,0,0,0,1.7
Joël Piroe,FWD,Leeds,348,6,1,2026-08-22T14:00:00Z,False,18,0,0,0,0,0,0,0,0,0,0,0,0,0,0,0,50,17239,0,0,0.0,0.0,0.0,0.0,0.0,0.0,0,0,0,0,0.0
Alysson Edward Franco da Rocha dos Santos,MID,Aston Villa,52,7,1,2026-08-23T13:00:00Z,False,5,8,0,1,0,0,0,0,0,0,0,0,0,0,0,5,50,3792,0,0,0.0,0.0,0.14,4.0,0.0,0.0,1,1,1,3,1.5
Ian Maatsen,DEF,Aston Villa,36,7,1,2026-08-23T13:00:00Z,False,5,81,1,0,0,0,0,4,0,0,0,0,0,0,0,-9,45,71952,0,0,0.03,0.0,3.62,9.2,0.8,3.0,7,2,2,9,1.7
Marco Bizot,GK,Aston Villa,29,7,1,2026-08-23T13:00:00Z,False,5,90,1,1,0,0,0,4,0,0,0,0,0,3,0,1,45,10183,0,0,0.0,0.0,3.77,28.2,0.0,0.0,2,0,6,0,1.9
Tyler Adams,MID,Bournemouth,73,8,1,2026-08-23T13:00:00Z,False,15,15,0,1,0,0,0,2,0,0,0,0,0,0,0,4,50,19512,0,0,0.0,0.0,0.31,3.6,0.6,0.0,3,0,0,3,1.1
Remi Matthews,GK,Crystal Palace,555,3,1,2026-08-22T14:00:00Z,False,9,0,0,0,0,0,0,0,0,0,0,0,0,0,0,0,40,156141,0,0,0.0,0.0,0.0,0.0,0.0,0.0,0,0,0,0,1.0
Saša Lukić,MID,Ipswich Town,267,5,1,2026-08-22T14:00:00Z,True,20,90,1,5,0,1,0,1,0,0,0,0,0,0,0,22,50,10816,0,0,0.0,0.02,0.66,23.4,14.8,2.0,2,1,3,6,1.5
Omar Richards,DEF,Nott'm Forest,476,6,1,2026-08-22T14:00:00Z,True,13,0,0,0,0,0,0,0,0,0,0,0,0,0,0,0,40,23191,0,0,0.0,0.0,0.0,0.0,0.0,0.0,0,0,0,0,1.0
James Tarkowski,DEF,Everton,229,3,1,2026-08-22T14:00:00Z,True,8,90,1,6,0,0,1,0,0,0,0,0,0,0,0,25,60,765229,0,0,0.05,0.0,1.96,15.2,0.8,4.0,8,1,4,9,2.8
Wilson Isidor,FWD,Sunderland,553,5,1,2026-08-22T14:00:00Z,False,12,23,0,1,0,0,0,1,0,0,0,0,0,0,0,3,55,90196,0,0,0.0,0.0,0.1,0.0,0.2,0.0,0,0,0,0,1.8
Ellis Simms,FWD,Coventry City,195,1,1,2026-08-21T19:00:00Z,False,1,69,1,2,0,0,0,3,0,0,0,0,0,0,0,7,50,78607,0,0,0.0,0.01,1.6,2.6,12.3,2.0,1,0,2,3,1.4
James Hill,DEF,Bournemouth,60,8,1,2026-08-23T13:00:00Z,False,15,90,1,1,0,0,0,2,0,0,0,0,0,0,0,0,55,72436,0,0,0.0,0.0,2.25,11.6,0.3,0.0,5,1,1,6,2.5
Amadou Onana,MID,Aston Villa,48,7,1,2026-08-23T13:00:00Z,False,5,0,0,0,0,0,0,0,0,0,0,0,0,0,0,0,50,2081,0,0,0.0,0.0,0.0,0.0,0.0,0.0,0,0,0,0,0.0
Senne Lammens,GK,Man Utd,412,4,1,2026-08-22T11:30:00Z,False,11,90,1,1,0,0,0,2,0,0,0,0,0,2,0,7,50,1497029,0,0,0.0,0.0,1.01,20.2,0.0,0.0,2,0,8,0,2.6
Romaine Mundle,MID,Sunderland,547,5,1,2026-08-22T14:00:00Z,False,12,0,0,0,0,0,0,0,0,0,0,0,0,0,0,0,50,801,0,0,0.0,0.0,0.0,0.0,0.0,0.0,0,0,0,0,1.5
Bart Verbruggen,GK,Brighton,109,7,1,2026-08-23T13:00:00Z,True,2,90,1,6,0,0,1,0,0,0,0,0,0,0,0,25,45,1987586,0,0,0.0,0.0,0.29,6.6,0.0,0.0,0,0,4,0,1.9
Granit Xhaka,MID,Sunderland,544,5,1,2026-08-22T14:00:00Z,False,12,90,1,9,0,1,0,2,0,0,0,0,0,0,2,31,55,392611,0,0,0.0,0.09,1.8,18.8,31.4,0.0,2,3,8,13,2.0
David Button,GK,Ipswich Town,302,5,1,2026-08-22T14:00:00Z,True,20,0,0,0,0,0,0,0,0,0,0,0,0,0,0,0,40,40566,0,0,0.0,0.0,0.0,0.0,0.0,0.0,0,0,0,0,1.0
Callum Olusesi,MID,Spurs,524,2,1,2026-08-22T16:30:00Z,False,4,0,0,0,0,0,0,0,0,0,0,0,0,0,0,0,45,79913,0,0,0.0,0.0,0.0,0.0,0.0,0.0,0,0,0,0,1.0
Mamadou Sarr,DEF,Chelsea,150,10,1,2026-08-24T19:00:00Z,False,10,0,0,0,0,0,0,0,0,0,0,0,0,0,0,0,45,6689,0,0,0.0,0.0,0.0,0.0,0.0,0.0,0,0,0,0,1.7
Toby Collyer,MID,Man Utd,436,4,1,2026-08-22T11:30:00Z,False,11,0,0,0,0,0,0,0,0,0,0,0,0,0,0,0,50,1568,0,0,0.0,0.0,0.0,0.0,0.0,0.0,0,0,0,0,1.5
Altay Bayındır,GK,Man Utd,413,4,1,2026-08-22T11:30:00Z,False,11,0,0,0,0,0,0,0,0,0,0,0,0,0,0,0,45,2353,0,0,0.0,0.0,0.0,0.0,0.0,0.0,0,0,0,0,0.0
Igor Thiago Nascimento Rodrigues,FWD,Brentford,106,2,1,2026-08-22T16:30:00Z,True,19,82,1,0,0,0,1,0,0,0,1,0,0,0,0,-3,80,1509299,0,0,1.0,0.08,0.5,2.2,4.0,8.0,1,0,4,5,2.5
Thierno Barry,FWD,Everton,249,3,1,2026-08-22T14:00:00Z,True,8,78,1,8,1,0,1,0,0,0,0,0,0,0,2,37,55,117327,0,0,0.45,0.09,1.62,38.0,19.0,41.0,0,1,2,3,1.8
Dominik Szoboszlai,MID,Liverpool,368,9,1,2026-08-23T15:30:00Z,False,17,90,1,8,1,0,0,2,0,0,0,0,0,0,1,29,70,3733259,0,0,0.85,0.27,1.58,50.4,47.1,21.0,2,1,4,7,2.5
Abdülkadir Ömür,MID,Hull City,292,4,1,2026-08-22T11:30:00Z,True,16,0,0,0,0,0,0,0,0,0,0,0,0,0,0,0,50,1546,0,0,0.0,0.0,0.0,0.0,0.0,0.0,0,0,0,0,1.5
Tim Iroegbunam,MID,Everton,240,3,1,2026-08-22T14:00:00Z,True,8,0,0,0,0,0,0,0,0,0,0,0,0,0,0,0,50,1417,0,0,0.0,0.0,0.0,0.0,0.0,0.0,0,0,0,0,0.0
Endo Wataru,MID,Liverpool,374,9,1,2026-08-23T15:30:00Z,False,17,0,0,0,0,0,0,0,0,0,0,0,0,0,0,0,50,5090,0,0,0.0,0.0,0.0,0.0,0.0,0.0,0,0,0,0,1.5
Ben Gannon-Doak,MID,Bournemouth,72,8,1,2026-08-23T13:00:00Z,False,15,1,0,1,0,0,0,1,0,0,0,0,0,0,0,3,50,7889,0,0,0.0,0.0,0.19,0.2,0.1,2.0,0,0,1,1,1.5
Nicolas Jackson,FWD,Chelsea,166,10,1,2026-08-24T19:00:00Z,False,10,0,0,0,0,0,0,0,0,0,0,0,0,0,0,0,65,29435,0,0,0.0,0.0,0.0,0.0,0.0,0.0,0,0,0,0,2.1
Chris Wood,FWD,Nott'm Forest,490,6,1,2026-08-22T14:00:00Z,True,13,28,0,1,0,0,0,1,0,0,0,0,0,0,0,3,60,159951,0,0,0.12,0.01,0.22,0.0,2.4,3.0,0,0,1,1,2.0
John Victor Maciel Furtado,GK,Nott'm Forest,468,6,1,2026-08-22T14:00:00Z,True,13,0,0,0,0,0,0,0,0,0,0,0,0,0,0,0,45,5970,0,0,0.0,0.0,0.0,0.0,0.0,0.0,0,0,0,0,1.9
Jason Steele,GK,Brighton,111,7,1,2026-08-23T13:00:00Z,True,2,0,0,0,0,0,0,0,0,0,0,0,0,0,0,0,40,369830,0,0,0.0,0.0,0.0,0.0,0.0,0.0,0,0,0,0,1.0
Jay Dasilva,DEF,Coventry City,176,1,1,2026-08-21T19:00:00Z,False,1,90,1,1,0,0,0,3,0,0,0,0,0,0,0,-4,40,73424,0,0,0.0,0.02,1.88,13.8,3.8,0.0,6,0,1,6,1.0
Mason Mount,MID,Man Utd,430,4,1,2026-08-22T11:30:00Z,False,11,0,0,0,0,0,0,0,0,0,0,0,0,0,0,0,55,3202,0,0,0.0,0.0,0.0,0.0,0.0,0.0,0,0,0,0,1.0
Kayne van Oevelen,GK,Ipswich Town,554,5,1,2026-08-22T14:00:00Z,True,20,0,0,0,0,0,0,0,0,0,0,0,0,0,0,0,45,3509,0,0,0.0,0.0,0.0,0.0,0.0,0.0,0,0,0,0,1.9
Jaden Philogene,MID,Ipswich Town,318,5,1,2026-08-22T14:00:00Z,True,20,0,0,0,0,0,0,0,0,0,0,0,0,0,0,0,55,14821,0,0,0.0,0.0,0.0,0.0,0.0,0.0,0,0,0,0,2.0
Hugo Ekitiké,FWD,Liverpool,380,9,1,2026-08-23T15:30:00Z,False,17,0,0,0,0,0,0,0,0,0,0,0,0,0,0,0,75,14410,0,0,0.0,0.0,0.0,0.0,0.0,0.0,0,0,0,0,0.0
Johan Manzambi,MID,Aston Villa,53,7,1,2026-08-23T13:00:00Z,False,5,0,0,0,0,0,0,0,0,0,0,0,0,0,0,0,60,26624,0,0,0.0,0.0,0.0,0.0,0.0,0.0,0,0,0,0,0.0
Zadok Yohanna,MID,Brighton,135,7,1,2026-08-23T13:00:00Z,True,2,12,0,1,0,0,0,0,0,0,0,0,0,0,0,3,50,6623,0,0,0.0,0.03,0.0,0.2,1.3,0.0,0,0,0,0,1.5
Harvey Davies,GK,Liverpool,355,9,1,2026-08-23T15:30:00Z,False,17,0,0,0,0,0,0,0,0,0,0,0,0,0,0,0,40,11845,0,0,0.0,0.0,0.0,0.0,0.0,0.0,0,0,0,0,1.0
Marc Guiu Paz,FWD,Chelsea,168,10,1,2026-08-24T19:00:00Z,False,10,0,0,0,0,0,0,0,0,0,0,0,0,0,0,0,50,42801,0,0,0.0,0.0,0.0,0.0,0.0,0.0,0,0,0,0,1.4
William Osula,FWD,Newcastle,465,9,1,2026-08-23T15:30:00Z,True,14,55,1,4,0,1,0,1,0,0,0,0,0,0,0,18,60,83021,0,0,0.06,0.14,1.48,28.2,13.7,8.0,2,1,2,5,2.0
António João Pereira de Albuquerque Tavares da Silva,DEF,Bournemouth,566,8,1,2026-08-23T13:00:00Z,False,15,90,1,2,0,0,0,2,0,0,0,1,0,0,0,5,50,23702,0,0,0.0,0.0,2.25,31.4,0.3,0.0,13,0,1,13,2.2
Jair Paula da Cunha Filho,DEF,Nott'm Forest,474,6,1,2026-08-22T14:00:00Z,True,13,90,1,1,0,0,0,1,0,0,0,1,0,0,0,5,45,19663,0,0,0.0,0.0,0.47,20.8,1.3,0.0,7,1,0,8,1.7
Tyrone Mings,DEF,Aston Villa,33,7,1,2026-08-23T13:00:00Z,False,5,16,0,1,0,0,0,0,0,0,0,0,0,0,0,5,45,29034,0,0,0.0,0.0,0.22,2.0,0.0,0.0,0,1,0,1,1.7
Josh Dasilva,MID,Brentford,103,2,1,2026-08-22T16:30:00Z,True,19,0,0,0,0,0,0,0,0,0,0,0,0,0,0,0,50,2396,0,0,0.0,0.0,0.0,0.0,0.0,0.0,0,0,0,0,1.5
Shumaira Mheuka,FWD,Chelsea,169,10,1,2026-08-24T19:00:00Z,False,10,0,0,0,0,0,0,0,0,0,0,0,0,0,0,0,45,30422,0,0,0.0,0.0,0.0,0.0,0.0,0.0,0,0,0,0,1.0
Callum Wilson,FWD,Brentford,108,2,1,2026-08-22T16:30:00Z,True,19,7,0,1,0,0,0,0,0,0,0,0,0,0,0,4,55,30450,0,0,0.03,0.04,0.07,2.2,10.3,5.0,0,0,0,0,1.8
Bobby Thomas,DEF,Coventry City,173,1,1,2026-08-21T19:00:00Z,False,1,90,1,3,0,0,0,3,0,0,0,0,0,0,0,11,40,721945,0,0,0.02,0.01,1.88,23.2,11.2,1.0,9,1,2,10,1.0
Aaron Hickey,DEF,Brentford,90,2,1,2026-08-22T16:30:00Z,True,19,14,0,1,0,0,0,0,0,0,0,0,0,0,0,2,45,5416,0,0,0.0,0.0,0.1,0.0,0.3,0.0,0,0,2,0,1.7
Carlos Alcaraz Durán,MID,Everton,243,3,1,2026-08-22T14:00:00Z,True,8,1,0,1,0,0,0,0,0,0,0,0,0,0,0,7,50,8329,0,0,0.02,0.0,0.04,5.0,0.3,17.0,0,1,2,3,1.5
Erling Haaland,FWD,Man City,411,8,1,2026-08-23T13:00:00Z,True,3,90,1,2,0,0,0,1,0,0,0,0,0,0,0,6,155,6209794,0,0,0.74,0.02,0.65,3.8,5.2,50.0,0,0,3,3,4.0
Ousmane Diomande,DEF,Nott'm Forest,581,6,1,2026-08-22T14:00:00Z,True,13,0,0,0,0,0,0,0,0,0,0,0,0,0,0,0,55,67092,0,0,0.0,0.0,0.0,0.0,0.0,0.0,0,0,0,0,2.5
Martin Ødegaard,MID,Arsenal,15,1,1,2026-08-21T19:00:00Z,True,7,75,1,11,1,0,1,0,0,0,0,0,0,0,3,41,65,717252,0,0,0.21,0.1,0.06,50.6,41.5,31.0,1,3,4,8,2.3
Jayden Bogle,DEF,Leeds,330,6,1,2026-08-22T14:00:00Z,False,18,90,1,6,0,0,1,0,0,0,0,0,0,0,0,24,45,45674,0,0,0.0,0.0,0.66,7.0,1.1,0.0,2,1,3,3,1.7
Declan Rice,MID,Arsenal,13,1,1,2026-08-21T19:00:00Z,True,7,67,1,3,0,0,1,0,0,0,0,0,0,0,0,10,75,1604406,0,0,0.07,0.08,0.06,6.8,6.4,2.0,3,0,3,6,2.6
Carl Rushworth,GK,Coventry City,110,1,1,2026-08-21T19:00:00Z,False,1,90,1,1,0,0,0,3,0,0,0,0,0,2,0,0,45,100521,0,0,0.0,0.01,1.88,14.2,0.0,0.0,1,0,7,0,1.9
Merlin Röhl,MID,Everton,246,3,1,2026-08-22T14:00:00Z,True,8,90,1,3,0,0,1,0,0,0,0,0,0,0,0,12,50,5179,0,0,0.0,0.06,1.96,13.8,13.0,2.0,2,2,5,9,1.5
Kasey McAteer,MID,Ipswich Town,323,5,1,2026-08-22T14:00:00Z,True,20,24,0,1,0,0,0,0,0,0,0,0,0,0,0,4,45,130440,0,0,0.0,0.0,0.03,1.2,1.3,0.0,0,1,2,3,1.0
Gabriel Gudmundsson,DEF,Leeds,331,6,1,2026-08-22T14:00:00Z,False,18,0,0,0,0,0,0,0,0,0,0,0,0,0,0,0,45,5099,0,0,0.0,0.0,0.0,0.0,0.0,0.0,0,0,0,0,0.0
Xavi Simons,MID,Spurs,513,2,1,2026-08-22T16:30:00Z,False,4,0,0,0,0,0,0,0,0,0,0,0,0,0,0,0,60,1345,0,0,0.0,0.0,0.0,0.0,0.0,0.0,0,0,0,0,0.0
Eberechi Eze,MID,Arsenal,14,1,1,2026-08-21T19:00:00Z,True,7,14,0,1,0,0,0,0,0,0,0,0,0,0,0,4,65,188164,0,0,0.04,0.0,0.15,0.0,1.8,1.0,0,0,2,2,2.3
Daniel Jebbison,FWD,Bournemouth,608,8,1,2026-08-23T13:00:00Z,False,15,15,0,1,0,0,0,2,0,0,0,0,0,0,0,6,50,0,0,0,0.1,0.0,0.31,3.4,0.8,17.0,0,0,1,1,1.4
Kai Andrews,MID,Coventry City,192,1,1,2026-08-21T19:00:00Z,False,1,0,0,0,0,0,0,0,0,0,0,0,0,0,0,0,45,62690,0,0,0.0,0.0,0.0,0.0,0.0,0.0,0,0,0,0,1.0
Juanlu Sánchez,DEF,Bournemouth,573,8,1,2026-08-23T13:00:00Z,False,15,0,0,0,0,0,0,0,0,0,0,0,0,0,0,0,45,18342,0,0,0.0,0.0,0.0,0.0,0.0,0.0,0,0,0,0,1.7
Jun'ai Byfield,DEF,Spurs,509,2,1,2026-08-22T16:30:00Z,False,4,0,0,0,0,0,0,0,0,0,0,0,0,0,0,0,40,4794,0,0,0.0,0.0,0.0,0.0,0.0,0.0,0,0,0,0,1.0
Gabriel Martinelli Silva,MID,Arsenal,18,1,1,2026-08-21T19:00:00Z,True,7,0,0,0,0,0,0,0,0,0,0,0,0,0,0,0,65,21290,0,0,0.0,0.0,0.0,0.0,0.0,0.0,0,0,0,0,2.3
Matty Jacob,DEF,Hull City,283,4,1,2026-08-22T11:30:00Z,True,16,0,0,0,0,0,0,0,0,0,0,0,0,0,0,0,40,1251,0,0,0.0,0.0,0.0,0.0,0.0,0.0,0,0,0,0,0.0
Matt Targett,DEF,Hull City,556,4,1,2026-08-22T11:30:00Z,True,16,5,0,1,0,0,0,0,0,0,0,0,0,0,0,3,40,218902,0,0,0.0,0.0,0.07,0.4,0.0,0.0,0,0,1,0,1.0
Matt Grimes,MID,Coventry City,184,1,1,2026-08-21T19:00:00Z,False,1,90,1,2,0,0,0,3,0,0,0,0,0,0,0,14,50,17412,0,0,0.0,0.01,1.88,13.4,3.7,0.0,4,0,3,7,1.5
Miguel Brau,DEF,Coventry City,181,1,1,2026-08-21T19:00:00Z,False,1,0,0,0,0,0,0,0,0,0,0,0,0,0,0,0,40,3736,0,0,0.0,0.0,0.0,0.0,0.0,0.0,0,0,0,0,1.0
Pedro Lomba Neto,MID,Chelsea,156,10,1,2026-08-24T19:00:00Z,False,10,14,0,1,0,0,0,0,0,0,0,0,0,0,0,9,65,116795,0,0,0.03,0.07,0.22,5.2,4.1,4.0,0,1,3,4,2.3
Luke O'Nien,DEF,Sunderland,539,5,1,2026-08-22T14:00:00Z,False,12,66,1,1,0,0,0,1,0,0,0,1,0,0,0,1,40,332959,0,0,0.01,0.01,1.69,11.4,1.4,4.0,4,1,4,5,1.0
Bukayo Saka,MID,Arsenal,12,1,1,2026-08-21T19:00:00Z,True,7,67,1,9,1,0,1,0,0,0,0,0,0,0,1,36,95,819914,0,0,0.64,0.08,0.06,42.8,26.1,33.0,2,1,4,7,3.2
Alisson Becker,GK,Liverpool,350,9,1,2026-08-23T15:30:00Z,False,17,90,1,2,0,0,0,2,0,0,0,0,0,3,0,7,55,302846,0,0,0.0,0.0,1.58,17.8,0.0,0.0,2,0,6,0,3.3
Sander Berge,MID,Fulham,265,10,1,2026-08-24T19:00:00Z,True,6,72,1,2,0,0,0,3,0,0,0,0,0,0,0,14,50,38470,0,0,0.03,0.03,2.21,13.6,23.1,7.0,1,1,2,4,1.5
Armin Pecsi,GK,Liverpool,353,9,1,2026-08-23T15:30:00Z,False,17,0,0,0,0,0,0,0,0,0,0,0,0,0,0,0,40,2936,0,0,0.0,0.0,0.0,0.0,0.0,0.0,0,0,0,0,0.0
Alexis Mac Allister,MID,Liverpool,372,9,1,2026-08-23T15:30:00Z,False,17,27,0,1,0,0,0,0,0,0,0,0,0,0,0,9,55,151941,0,0,0.0,0.01,1.07,5.8,1.4,0.0,0,2,1,3,2.0
Ilia Gruev,MID,Leeds,344,6,1,2026-08-22T14:00:00Z,False,18,0,0,0,0,0,0,0,0,0,0,0,0,0,0,0,50,461,0,0,0.0,0.0,0.0,0.0,0.0,0.0,0,0,0,0,0.0
Mamadou Sangaré,MID,Brentford,565,2,1,2026-08-22T16:30:00Z,True,19,75,1,14,0,2,1,0,0,0,0,0,0,0,3,41,55,294770,0,0,0.05,0.33,0.47,31.6,21.8,21.0,4,2,7,13,2.0
Liam Kitching,DEF,Coventry City,174,1,1,2026-08-21T19:00:00Z,False,1,0,0,0,0,0,0,0,0,0,0,0,0,0,0,0,40,60272,0,0,0.0,0.0,0.0,0.0,0.0,0.0,0,0,0,0,1.0
Freddie Woodman,GK,Liverpool,352,9,1,2026-08-23T15:30:00Z,False,17,0,0,0,0,0,0,0,0,0,0,0,0,0,0,0,40,97477,0,0,0.0,0.0,0.0,0.0,0.0,0.0,0,0,0,0,1.0
Alex Palmer,GK,Ipswich Town,301,5,1,2026-08-22T14:00:00Z,True,20,0,0,0,0,0,0,0,0,0,0,0,0,0,0,0,40,426453,0,0,0.0,0.0,0.0,0.0,0.0,0.0,0,0,0,0,1.0
Tyler Bindon,DEF,Nott'm Forest,479,6,1,2026-08-22T14:00:00Z,True,13,0,0,0,0,0,0,0,0,0,0,0,0,0,0,0,40,18342,0,0,0.0,0.0,0.0,0.0,0.0,0.0,0,0,0,0,1.0
Tosin Adarabioyo,DEF,Chelsea,147,10,1,2026-08-24T19:00:00Z,False,10,0,0,0,0,0,0,0,0,0,0,0,0,0,0,0,45,18070,0,0,0.0,0.0,0.0,0.0,0.0,0.0,0,0,0,0,1.7
Abdoul Ouattara,DEF,Ipswich Town,592,5,1,2026-08-22T14:00:00Z,True,20,10,0,1,0,0,0,0,0,0,0,0,0,0,0,4,40,86218,0,0,0.0,0.0,0.03,5.2,10.0,0.0,2,0,0,2,1.0
Jack Grealish,MID,Man City,238,8,1,2026-08-23T13:00:00Z,True,3,8,0,1,0,0,0,0,0,0,0,0,0,0,0,2,65,16005,0,0,0.0,0.0,0.0,1.0,0.6,0.0,0,1,0,1,2.3
Sepp van den Berg,DEF,Brentford,85,2,1,2026-08-22T16:30:00Z,True,19,0,0,0,0,0,0,0,0,0,0,0,0,0,0,0,50,14391,0,0,0.0,0.0,0.0,0.0,0.0,0.0,0,0,0,0,0.0
Kalvin Phillips,MID,Man City,408,8,1,2026-08-23T13:00:00Z,True,3,0,0,0,0,0,0,0,0,0,0,0,0,0,0,0,50,1073,0,0,0.0,0.0,0.0,0.0,0.0,0.0,0,0,0,0,0.0
Anis Mehmeti,MID,Ipswich Town,324,5,1,2026-08-22T14:00:00Z,True,20,0,0,0,0,0,0,0,0,0,0,0,0,0,0,0,50,4850,0,0,0.0,0.0,0.0,0.0,0.0,0.0,0,0,0,0,1.5
Murillo Costa dos Santos,DEF,Nott'm Forest,472,6,1,2026-08-22T14:00:00Z,True,13,90,1,4,0,0,0,1,0,0,0,0,0,0,0,15,55,134909,0,0,0.0,0.28,0.47,32.2,25.9,0.0,12,2,3,14,2.5
Joe Willock,MID,Newcastle,460,9,1,2026-08-23T15:30:00Z,True,14,34,0,6,1,0,0,1,0,0,0,0,0,0,0,28,50,10181,0,0,0.09,0.17,1.5,38.4,13.9,9.0,0,2,1,3,1.5
Roméo Lavia,MID,Chelsea,161,10,1,2026-08-24T19:00:00Z,False,10,64,1,1,0,0,0,2,0,0,0,1,0,0,0,8,50,4654,0,0,0.21,0.03,1.05,13.6,21.9,33.0,2,3,4,9,1.5
César Palacios,MID,Fulham,570,10,1,2026-08-24T19:00:00Z,True,6,72,1,2,0,0,0,3,0,0,0,0,0,0,0,10,55,18267,0,0,0.16,0.01,2.21,2.8,7.3,8.0,0,2,2,4,2.0
Charalampos Kostoulas,FWD,Brighton,138,7,1,2026-08-23T13:00:00Z,True,2,26,0,1,0,0,0,0,0,0,0,0,0,0,0,-1,55,19339,0,0,0.18,0.0,0.1,0.0,0.4,10.0,0,1,1,2,1.8
Oscar Mingueza,DEF,Crystal Palace,207,3,1,2026-08-22T14:00:00Z,False,9,0,0,0,0,0,0,0,0,0,0,0,0,0,0,0,45,7928,0,0,0.0,0.0,0.0,0.0,0.0,0.0,0,0,0,0,1.7
Xaver Schlager,MID,Nott'm Forest,558,6,1,2026-08-22T14:00:00Z,True,13,16,0,1,0,0,0,1,0,0,0,0,0,0,0,3,50,10065,0,0,0.0,0.0,0.13,0.6,1.0,2.0,0,0,1,1,1.5
Myles Lewis-Skelly,MID,Arsenal,7,1,1,2026-08-21T19:00:00Z,True,7,90,1,3,0,0,1,0,0,0,0,0,0,0,0,15,55,55656,0,0,0.06,0.11,0.2,11.0,22.9,7.0,1,1,5,7,2.0
Benjamin Lecomte,GK,Fulham,251,10,1,2026-08-24T19:00:00Z,True,6,0,0,0,0,0,0,0,0,0,0,0,0,0,0,0,40,107540,0,0,0.0,0.0,0.0,0.0,0.0,0.0,0,0,0,0,1.0
Nathan Patterson,DEF,Everton,234,3,1,2026-08-22T14:00:00Z,True,8,0,0,0,0,0,0,0,0,0,0,0,0,0,0,0,45,2948,0,0,0.0,0.0,0.0,0.0,0.0,0.0,0,0,0,0,1.7
Leo Fuhr Hjelde,DEF,Sunderland,538,5,1,2026-08-22T14:00:00Z,False,12,0,0,0,0,0,0,0,0,0,0,0,0,0,0,0,40,6220,0,0,0.0,0.0,0.0,0.0,0.0,0.0,0,0,0,0,0.0
Dejan Kulusevski,MID,Spurs,521,2,1,2026-08-22T16:30:00Z,False,4,0,0,0,0,0,0,0,0,0,0,0,0,0,0,0,65,949,0,0,0.0,0.0,0.0,0.0,0.0,0.0,0,0,0,0,0.0
Fábio Freitas Gouveia Carvalho,MID,Brentford,100,2,1,2026-08-22T16:30:00Z,True,19,0,0,0,0,0,0,0,0,0,0,0,0,0,0,0,50,1459,0,0,0.0,0.0,0.0,0.0,0.0,0.0,0,0,0,0,1.1
Will Dennis,GK,Bournemouth,59,8,1,2026-08-23T13:00:00Z,False,15,0,0,0,0,0,0,0,0,0,0,0,0,0,0,0,40,16822,0,0,0.0,0.0,0.0,0.0,0.0,0.0,0,0,0,0,1.0
Georginio Rutter,FWD,Brighton,125,7,1,2026-08-23T13:00:00Z,True,2,90,1,5,0,1,1,0,0,0,0,0,0,0,0,22,55,78765,0,0,0.08,0.44,0.29,19.8,11.4,15.0,1,2,4,7,1.8
Julio Enciso,MID,Ipswich Town,591,5,1,2026-08-22T14:00:00Z,True,20,70,1,5,0,1,0,1,0,0,0,0,0,0,0,24,55,24595,0,0,0.23,0.31,0.63,21.6,14.0,18.0,2,1,5,8,2.0
Kevin Schade,MID,Brentford,94,2,1,2026-08-22T16:30:00Z,True,19,90,1,3,0,0,1,0,0,0,0,0,0,0,0,17,60,330810,0,0,0.52,0.01,0.57,14.4,11.8,59.0,1,3,5,9,2.2
Nehemiah Oriola,MID,Brighton,134,7,1,2026-08-23T13:00:00Z,True,2,0,0,0,0,0,0,0,0,0,0,0,0,0,0,0,45,24725,0,0,0.0,0.0,0.0,0.0,0.0,0.0,0,0,0,0,1.0
Jordan Henderson,MID,Chelsea,101,10,1,2026-08-24T19:00:00Z,False,10,0,0,0,0,0,0,0,0,0,0,0,0,0,0,0,50,3629,0,0,0.0,0.0,0.0,0.0,0.0,0.0,0,0,0,0,1.1
Conor Bradley,DEF,Liverpool,360,9,1,2026-08-23T15:30:00Z,False,17,0,0,0,0,0,0,0,0,0,0,0,0,0,0,0,50,957,0,0,0.0,0.0,0.0,0.0,0.0,0.0,0,0,0,0,0.0
Lewis Dunk,DEF,Brighton,116,7,1,2026-08-23T13:00:00Z,True,2,90,1,6,0,0,1,0,0,0,0,0,0,0,0,24,45,88762,0,0,0.0,0.04,0.29,13.4,6.4,0.0,1,1,2,2,1.7
Enis Destan,FWD,Hull City,298,4,1,2026-08-22T11:30:00Z,True,16,0,0,0,0,0,0,0,0,0,0,0,0,0,0,0,45,40958,0,0,0.0,0.0,0.0,0.0,0.0,0.0,0,0,0,0,0.0
Morgan Gibbs-White,MID,Nott'm Forest,480,6,1,2026-08-22T14:00:00Z,True,13,90,1,2,0,0,0,1,0,0,0,0,0,0,0,10,80,1039647,0,0,0.13,0.06,0.47,0.0,9.3,16.0,1,0,2,3,2.8
Wilson Odobert,MID,Spurs,517,2,1,2026-08-22T16:30:00Z,False,4,0,0,0,0,0,0,0,0,0,0,0,0,0,0,0,55,100,0,0,0.0,0.0,0.0,0.0,0.0,0.0,0,0,0,0,0.0
Oscar Bobb,MID,Fulham,264,10,1,2026-08-24T19:00:00Z,True,6,66,1,2,0,0,0,3,0,0,0,0,0,0,0,10,55,26829,0,0,0.0,0.26,2.21,9.8,13.8,6.0,1,3,2,6,2.0
Charlie Hughes,DEF,Hull City,278,4,1,2026-08-22T11:30:00Z,True,16,0,0,0,0,0,0,0,0,0,0,0,0,0,0,0,40,12660,0,0,0.0,0.0,0.0,0.0,0.0,0.0,0,0,0,0,0.0
Yankuba Minteh,MID,Brighton,122,7,1,2026-08-23T13:00:00Z,True,2,0,0,0,0,0,0,0,0,0,0,0,0,0,0,0,60,9337,0,0,0.0,0.0,0.0,0.0,0.0,0.0,0,0,0,0,0.0
Chadi Riad Dnanou,DEF,Crystal Palace,206,3,1,2026-08-22T14:00:00Z,False,9,72,1,1,0,0,0,2,0,0,0,0,0,0,0,7,45,6521,0,0,0.0,0.01,0.98,12.6,1.3,0.0,6,1,3,7,1.7
Nilson Angulo,MID,Sunderland,551,5,1,2026-08-22T14:00:00Z,False,12,58,1,5,1,0,0,1,0,0,0,1,0,0,0,23,50,5260,0,0,0.15,0.01,1.66,32.8,3.3,16.0,1,1,5,7,1.5
Dara O'Shea,DEF,Ipswich Town,304,5,1,2026-08-22T14:00:00Z,True,20,90,1,4,0,0,0,1,0,0,0,0,0,0,0,16,40,313565,0,0,0.0,0.16,0.66,48.0,24.5,2.0,16,2,6,18,1.0
James McAtee,MID,Nott'm Forest,486,6,1,2026-08-22T14:00:00Z,True,13,73,1,3,0,0,1,0,0,0,0,0,0,0,0,18,55,3147,0,0,0.0,0.16,0.34,11.6,42.5,0.0,2,1,5,8,2.0
Filip Jörgensen,GK,Chelsea,141,10,1,2026-08-24T19:00:00Z,False,10,0,0,0,0,0,0,0,0,0,0,0,0,0,0,0,50,1796,0,0,0.0,0.0,0.0,0.0,0.0,0.0,0,0,0,0,0.0
Andrew Robertson,DEF,Spurs,502,2,1,2026-08-22T16:30:00Z,False,4,90,1,3,0,0,0,3,0,0,0,0,0,0,0,13,45,350993,0,0,0.0,0.06,3.87,31.8,19.2,2.0,9,2,3,11,1.7
Jacob Greaves,DEF,Ipswich Town,306,5,1,2026-08-22T14:00:00Z,True,20,90,1,2,0,0,0,1,0,0,0,0,0,0,0,12,40,134129,0,0,0.0,0.0,0.66,16.4,1.3,0.0,4,3,1,7,1.0
Lewis Cook,MID,Bournemouth,71,8,1,2026-08-23T13:00:00Z,False,15,75,1,3,0,0,1,0,0,0,0,0,0,0,0,8,50,13065,0,0,0.0,0.0,1.94,4.6,2.1,0.0,3,1,3,7,1.5
Luka Lynch,MID,Aston Villa,607,7,1,2026-08-23T13:00:00Z,False,5,0,0,0,0,0,0,0,0,0,0,0,0,0,0,0,45,0,0,0,0.0,0.0,0.0,0.0,0.0,0.0,0,0,0,0,1.0
Regan Slater,MID,Hull City,290,4,1,2026-08-22T11:30:00Z,True,16,90,1,6,0,1,1,0,0,0,0,0,0,0,0,20,45,272889,0,0,0.0,0.44,1.83,18.4,19.3,0.0,0,1,2,3,1.0
Brandon Austin,GK,Spurs,495,2,1,2026-08-22T16:30:00Z,False,4,0,0,0,0,0,0,0,0,0,0,0,0,0,0,0,40,78400,0,0,0.0,0.0,0.0,0.0,0.0,0.0,0,0,0,0,1.0
Calvin Ramsay,DEF,Liverpool,365,9,1,2026-08-23T15:30:00Z,False,17,0,0,0,0,0,0,0,0,0,0,0,0,0,0,0,40,19328,0,0,0.0,0.0,0.0,0.0,0.0,0.0,0,0,0,0,1.0
Mykhailo Mudryk,MID,Chelsea,578,10,1,2026-08-24T19:00:00Z,False,10,0,0,0,0,0,0,0,0,0,0,0,0,0,0,0,55,3847,0,0,0.0,0.0,0.0,0.0,0.0,0.0,0,0,0,0,2.0
Keane Lewis-Potter,MID,Brentford,86,2,1,2026-08-22T16:30:00Z,True,19,90,1,10,1,0,1,0,0,0,0,0,0,0,2,37,55,38558,0,0,0.77,0.12,0.57,47.2,15.9,19.0,4,1,5,10,2.0
Ryan Giles,DEF,Hull City,282,4,1,2026-08-22T11:30:00Z,True,16,84,1,6,0,0,1,0,0,0,0,0,0,0,0,24,40,67208,0,0,0.02,0.07,1.76,13.8,18.8,4.0,5,1,1,6,1.0
Paddy McNair,DEF,Hull City,285,4,1,2026-08-22T11:30:00Z,True,16,26,0,1,0,0,0,0,0,0,0,0,0,0,0,3,40,8697,0,0,0.0,0.0,0.96,4.2,0.0,0.0,2,0,1,2,1.0
Ismaïla Sarr,MID,Crystal Palace,208,3,1,2026-08-22T14:00:00Z,False,9,0,0,0,0,0,0,0,0,0,0,0,0,0,0,0,65,424225,0,0,0.0,0.0,0.0,0.0,0.0,0.0,0,0,0,0,2.3
Martín Zubimendi Ibáñez,MID,Arsenal,19,1,1,2026-08-21T19:00:00Z,True,7,22,0,1,0,0,0,0,0,0,0,0,0,0,0,3,55,107568,0,0,0.0,0.02,0.15,3.8,2.3,0.0,0,1,2,3,2.0
Tom King,GK,Everton,228,3,1,2026-08-22T14:00:00Z,True,8,0,0,0,0,0,0,0,0,0,0,0,0,0,0,0,45,3498,0,0,0.0,0.0,0.0,0.0,0.0,0.0,0,0,0,0,1.9
Rayan Aït-Nouri,DEF,Man City,392,8,1,2026-08-23T13:00:00Z,True,3,0,0,0,0,0,0,0,0,0,0,0,0,0,0,0,55,79425,0,0,0.0,0.0,0.0,0.0,0.0,0.0,0,0,0,0,2.5
Liam Delap,FWD,Chelsea,167,10,1,2026-08-24T19:00:00Z,False,10,0,0,0,0,0,0,0,0,0,0,0,0,0,0,0,55,40156,0,0,0.0,0.0,0.0,0.0,0.0,0.0,0,0,0,0,1.8
Cathal McCarthy,DEF,Hull City,284,4,1,2026-08-22T11:30:00Z,True,16,0,0,0,0,0,0,0,0,0,0,0,0,0,0,0,40,7616,0,0,0.0,0.0,0.0,0.0,0.0,0.0,0,0,0,0,1.0
Adam Wharton,MID,Crystal Palace,210,3,1,2026-08-22T14:00:00Z,False,9,90,1,4,0,0,0,2,0,0,0,0,0,0,0,20,55,75177,0,0,0.0,0.24,1.12,16.8,30.9,0.0,4,2,8,14,2.0
Daizen Maeda,MID,Ipswich Town,562,5,1,2026-08-22T14:00:00Z,True,20,79,1,2,0,0,0,1,0,0,0,0,0,0,0,7,55,37656,0,0,0.61,0.0,0.63,12.6,1.4,7.0,3,4,2,9,2.0
Sven Botman,DEF,Newcastle,447,9,1,2026-08-23T15:30:00Z,True,14,90,1,3,0,0,0,2,0,0,0,0,0,0,0,4,50,34765,0,0,0.0,0.01,2.98,32.4,0.3,0.0,10,0,2,10,2.2
Mark Travers,GK,Everton,227,3,1,2026-08-22T14:00:00Z,True,8,0,0,0,0,0,0,0,0,0,0,0,0,0,0,0,50,3019,0,0,0.0,0.0,0.0,0.0,0.0,0.0,0,0,0,0,2.6
James Rowswell,DEF,Spurs,510,2,1,2026-08-22T16:30:00Z,False,4,0,0,0,0,0,0,0,0,0,0,0,0,0,0,0,40,7021,0,0,0.0,0.0,0.0,0.0,0.0,0.0,0,0,0,0,1.0
Matt O'Riley,MID,Brighton,126,7,1,2026-08-23T13:00:00Z,True,2,0,0,0,0,0,0,0,0,0,0,0,0,0,0,0,55,8249,0,0,0.0,0.0,0.0,0.0,0.0,0.0,0,0,0,0,2.0
Jeremie Frimpong,DEF,Liverpool,357,9,1,2026-08-23T15:30:00Z,False,17,90,1,0,0,0,0,2,0,0,0,1,0,0,0,3,55,302241,0,0,0.01,0.09,1.58,13.6,37.8,10.0,1,1,3,2,2.5
Norman Bassette,FWD,Coventry City,197,1,1,2026-08-21T19:00:00Z,False,1,0,0,0,0,0,0,0,0,0,0,0,0,0,0,0,45,4620,0,0,0.0,0.0,0.0,0.0,0.0,0.0,0,0,0,0,0.0
Noah Sadiki,MID,Sunderland,545,5,1,2026-08-22T14:00:00Z,False,12,90,1,2,0,0,0,2,0,0,0,0,0,0,0,18,50,32634,0,0,0.06,0.03,1.8,14.6,32.1,25.0,0,0,2,2,1.5
Kristoffer Ajer,DEF,Brentford,87,2,1,2026-08-22T16:30:00Z,True,19,90,1,8,0,0,1,0,0,0,0,0,0,0,0,29,45,318142,0,0,0.11,0.02,0.57,20.0,0.9,35.0,8,2,3,10,1.7
Dilane Bakwa,MID,Nott'm Forest,485,6,1,2026-08-22T14:00:00Z,True,13,0,0,0,0,0,0,0,0,0,0,0,0,0,0,0,55,1373,0,0,0.0,0.0,0.0,0.0,0.0,0.0,0,0,0,0,2.0
Jonah Kusi-Asare,FWD,Fulham,272,10,1,2026-08-24T19:00:00Z,True,6,0,0,0,0,0,0,0,0,0,0,0,0,0,0,0,45,669004,0,0,0.0,0.0,0.0,0.0,0.0,0.0,0,0,0,0,1.0
Fraser Forster,GK,Bournemouth,58,8,1,2026-08-23T13:00:00Z,False,15,0,0,0,0,0,0,0,0,0,0,0,0,0,0,0,40,283903,0,0,0.0,0.0,0.0,0.0,0.0,0.0,0,0,0,0,1.0
Mateus Fernandes,MID,Spurs,525,2,1,2026-08-22T16:30:00Z,False,4,45,0,1,0,0,0,1,0,0,0,0,0,0,0,16,60,178624,0,0,0.0,0.06,2.18,7.2,27.2,2.0,0,1,1,2,2.2
Dan Ndoye,MID,Nott'm Forest,483,6,1,2026-08-22T14:00:00Z,True,13,61,1,3,0,0,1,0,0,0,0,0,0,0,0,5,55,39539,0,0,0.0,0.0,0.25,1.4,2.5,0.0,1,1,1,3,2.0
Amine Adli,MID,Bournemouth,77,8,1,2026-08-23T13:00:00Z,False,15,0,0,0,0,0,0,0,0,0,0,0,0,0,0,0,50,3087,0,0,0.0,0.0,0.0,0.0,0.0,0.0,0,0,0,0,0.0
Mikkel Damsgaard,MID,Brentford,96,2,1,2026-08-22T16:30:00Z,True,19,14,0,1,0,0,0,0,0,0,0,0,0,0,0,6,55,52929,0,0,0.0,0.11,0.1,7.6,26.3,0.0,0,1,3,4,2.0
Malo Gusto,DEF,Chelsea,144,10,1,2026-08-24T19:00:00Z,False,10,75,1,1,0,0,0,2,0,0,0,0,0,0,0,2,50,98423,0,0,0.0,0.03,1.11,7.2,9.8,6.0,2,1,4,3,2.2
Yéremy Pino Santos,MID,Crystal Palace,211,3,1,2026-08-22T14:00:00Z,False,9,35,0,1,0,0,0,0,0,0,0,0,0,0,0,4,55,18106,0,0,0.06,0.02,0.27,2.0,6.3,6.0,0,2,3,5,2.0
Patrick Dorgu,MID,Man Utd,415,4,1,2026-08-22T11:30:00Z,False,11,45,1,0,0,0,0,2,0,0,0,1,0,0,0,-11,60,121744,0,0,0.47,0.03,0.92,0.0,1.2,16.0,1,0,0,1,2.2
Lukás Hornícek,GK,Newcastle,567,9,1,2026-08-23T15:30:00Z,True,14,90,1,1,0,0,0,2,0,0,0,1,0,5,0,12,50,55382,0,0,0.0,0.0,2.98,41.2,0.0,0.0,3,0,5,0,2.6
Yoane Wissa,FWD,Newcastle,464,9,1,2026-08-23T15:30:00Z,True,14,90,1,4,0,1,0,1,0,0,0,1,0,0,0,7,60,142989,0,0,1.0,0.02,2.19,20.0,16.3,28.0,1,4,3,8,2.0
Ashley Phillips,DEF,Spurs,507,2,1,2026-08-22T16:30:00Z,False,4,0,0,0,0,0,0,0,0,0,0,0,0,0,0,0,45,2583,0,0,0.0,0.0,0.0,0.0,0.0,0.0,0,0,0,0,0.0
Samuel Iling-Junior,MID,Aston Villa,49,7,1,2026-08-23T13:00:00Z,False,5,0,0,0,0,0,0,0,0,0,0,0,0,0,0,0,50,394,0,0,0.0,0.0,0.0,0.0,0.0,0.0,0,0,0,0,0.0
Maxence Lacroix,DEF,Chelsea,200,10,1,2026-08-24T19:00:00Z,False,10,90,1,6,0,1,0,2,0,0,0,0,0,0,0,25,60,792478,0,0,0.0,0.2,1.33,44.2,11.2,2.0,7,5,2,12,2.8
Nick Woltemade,FWD,Newcastle,463,9,1,2026-08-23T15:30:00Z,True,14,0,0,0,0,0,0,0,0,0,0,0,0,0,0,0,60,151424,0,0,0.0,0.0,0.0,0.0,0.0,0.0,0,0,0,0,2.0
Joél Drakes-Thomas,MID,Crystal Palace,221,3,1,2026-08-22T14:00:00Z,False,9,0,0,0,0,0,0,0,0,0,0,0,0,0,0,0,45,8076,0,0,0.0,0.0,0.0,0.0,0.0,0.0,0,0,0,0,1.0
Rio Cardines,DEF,Crystal Palace,220,3,1,2026-08-22T14:00:00Z,False,9,0,0,0,0,0,0,0,0,0,0,0,0,0,0,0,45,255,0,0,0.0,0.0,0.0,0.0,0.0,0.0,0,0,0,0,0.0
Josh King,MID,Fulham,268,10,1,2026-08-24T19:00:00Z,True,6,90,1,7,1,0,0,3,0,0,0,0,0,0,0,34,55,14215,0,0,0.17,0.04,2.24,41.6,15.6,41.0,2,2,4,8,2.0
Lucas Estella Perri,GK,Leeds,326,6,1,2026-08-22T14:00:00Z,False,18,0,0,0,0,0,0,0,0,0,0,0,0,0,0,0,45,52897,0,0,0.0,0.0,0.0,0.0,0.0,0.0,0,0,0,0,1.9
Caoimhín Kelleher,GK,Brentford,82,2,1,2026-08-22T16:30:00Z,True,19,90,1,7,0,0,1,0,0,0,0,0,0,4,0,34,50,513912,0,0,0.0,0.01,0.57,31.4,0.0,0.0,0,0,5,0,2.6
Federico Chiesa,MID,Liverpool,370,9,1,2026-08-23T15:30:00Z,False,17,0,0,0,0,0,0,0,0,0,0,0,0,0,0,0,55,11756,0,0,0.0,0.0,0.0,0.0,0.0,0.0,0,0,0,0,2.0
Harvey Barnes,MID,Newcastle,453,9,1,2026-08-23T15:30:00Z,True,14,90,1,2,0,0,0,2,0,0,0,0,0,0,0,12,60,95531,0,0,0.07,0.02,2.98,5.2,2.4,9.0,3,1,4,8,2.2
Lewis Hall,DEF,Newcastle,449,9,1,2026-08-23T15:30:00Z,True,14,90,1,3,0,0,0,2,0,0,0,0,0,0,0,8,50,310247,0,0,0.0,0.35,2.98,22.0,15.2,0.0,6,5,8,11,2.2
Danny Welbeck,FWD,Chelsea,136,10,1,2026-08-24T19:00:00Z,False,10,0,0,0,0,0,0,0,0,0,0,0,0,0,0,0,60,112037,0,0,0.0,0.0,0.0,0.0,0.0,0.0,0,0,0,0,1.5
Cristhian Mosquera,DEF,Arsenal,11,1,1,2026-08-21T19:00:00Z,True,7,90,1,6,0,0,1,0,0,0,0,0,0,0,0,27,55,571606,0,0,0.0,0.0,0.2,14.4,0.6,0.0,6,0,3,6,2.5
Aurèle Amenda,DEF,Coventry City,182,1,1,2026-08-21T19:00:00Z,False,1,90,1,1,0,0,0,3,0,0,0,0,0,0,0,1,40,75420,0,0,0.0,0.01,1.88,28.8,0.8,0.0,9,0,4,9,1.0
Diego Gómez Amarilla,MID,Brighton,127,7,1,2026-08-23T13:00:00Z,True,2,85,1,6,0,1,1,0,0,0,0,0,0,0,0,27,50,355972,0,0,0.18,0.48,0.29,33.0,25.1,41.0,2,3,1,6,1.5
Milos Kerkez,DEF,Liverpool,358,9,1,2026-08-23T15:30:00Z,False,17,90,1,0,0,0,0,2,0,0,0,1,0,0,0,3,55,332539,0,0,0.02,0.02,1.58,18.0,13.8,12.0,4,3,3,7,2.5
Estêvão Almeida de Oliveira Gonçalves,MID,Chelsea,157,10,1,2026-08-24T19:00:00Z,False,10,7,0,1,0,0,0,0,0,0,0,0,0,0,0,3,65,109575,0,0,0.0,0.0,0.09,0.2,0.4,0.0,0,0,1,1,2.3
Daichi Kamada,MID,Crystal Palace,214,3,1,2026-08-22T14:00:00Z,False,9,90,1,3,0,0,0,2,0,0,0,1,0,0,0,25,50,24728,0,0,0.0,0.27,1.12,20.4,29.3,0.0,3,3,8,14,1.5
Tijjani Reijnders,MID,Man City,404,8,1,2026-08-23T13:00:00Z,True,3,0,0,0,0,0,0,0,0,0,0,0,0,0,0,0,60,11692,0,0,0.0,0.0,0.0,0.0,0.0,0.0,0,0,0,0,0.0
Andrés García,DEF,Aston Villa,38,7,1,2026-08-23T13:00:00Z,False,5,0,0,0,0,0,0,0,0,0,0,0,0,0,0,0,40,157304,0,0,0.0,0.0,0.0,0.0,0.0,0.0,0,0,0,0,1.0
Fábio Ferreira Vieira,MID,Arsenal,23,1,1,2026-08-21T19:00:00Z,True,7,0,0,0,0,0,0,0,0,0,0,0,0,0,0,0,55,892,0,0,0.0,0.0,0.0,0.0,0.0,0.0,0,0,0,0,2.0
Jack Butland,GK,Hull City,274,4,1,2026-08-22T11:30:00Z,True,16,0,0,0,0,0,0,0,0,0,0,0,0,0,0,0,45,11096,0,0,0.0,0.0,0.0,0.0,0.0,0.0,0,0,0,0,0.0
Omari Hutchinson,MID,Nott'm Forest,484,6,1,2026-08-22T14:00:00Z,True,13,0,0,0,0,0,0,0,0,0,0,0,0,0,0,0,55,15797,0,0,0.0,0.0,0.0,0.0,0.0,0.0,0,0,0,0,2.0
Emiliano Martínez Romero,GK,Aston Villa,28,7,1,2026-08-23T13:00:00Z,False,5,0,0,0,0,0,0,0,0,0,0,0,0,0,0,0,50,388040,0,0,0.0,0.0,0.0,0.0,0.0,0.0,0,0,0,0,2.6
Noni Madueke,MID,Arsenal,16,1,1,2026-08-21T19:00:00Z,True,7,22,0,1,0,0,0,0,0,0,0,0,0,0,0,8,65,30442,0,0,0.0,0.04,0.15,9.4,43.1,0.0,0,0,2,2,2.3
Jens Hjertø-Dahl,MID,Hull City,574,4,1,2026-08-22T11:30:00Z,True,16,0,0,0,0,0,0,0,0,0,0,0,0,0,0,0,50,7500,0,0,0.0,0.0,0.0,0.0,0.0,0.0,0,0,0,0,1.5
Mikey Moore,MID,Spurs,523,2,1,2026-08-22T16:30:00Z,False,4,67,1,2,0,0,0,3,0,0,0,0,0,0,0,10,50,17505,0,0,0.38,0.02,3.02,14.2,5.9,55.0,0,1,1,2,1.5
Álvaro Rodríguez,FWD,Bournemouth,81,8,1,2026-08-23T13:00:00Z,False,15,0,0,0,0,0,0,0,0,0,0,0,0,0,0,0,60,9051,0,0,0.0,0.0,0.0,0.0,0.0,0.0,0,0,0,0,1.5
Matteo Ruggeri,DEF,Aston Villa,596,7,1,2026-08-23T13:00:00Z,False,5,8,0,1,0,0,0,0,0,0,0,0,0,0,0,3,45,7884,0,0,0.0,0.0,0.14,4.0,0.0,0.0,0,2,0,2,1.7
Jenson Seelt,DEF,Sunderland,537,5,1,2026-08-22T14:00:00Z,False,12,0,0,0,0,0,0,0,0,0,0,0,0,0,0,0,45,941,0,0,0.0,0.0,0.0,0.0,0.0,0.0,0,0,0,0,1.7
Gonzalo García,FWD,Fulham,569,10,1,2026-08-24T19:00:00Z,True,6,90,1,6,1,0,0,3,0,0,0,0,0,0,0,33,60,180799,0,0,0.73,0.01,2.24,37.2,4.3,40.0,0,1,1,2,2.0
Jacob Murphy,MID,Newcastle,457,9,1,2026-08-23T15:30:00Z,True,14,14,0,0,0,0,0,1,0,0,0,1,0,0,0,-1,60,14816,0,0,0.0,0.0,1.04,0.0,0.1,2.0,1,0,1,2,2.2
Hayden Hackney,MID,Everton,247,3,1,2026-08-22T14:00:00Z,True,8,78,1,3,0,0,1,0,0,0,0,0,0,0,0,16,55,24410,0,0,0.01,0.01,1.62,8.6,12.2,5.0,1,2,4,7,2.0
Cédric Kipré,DEF,Ipswich Town,303,5,1,2026-08-22T14:00:00Z,True,20,0,0,0,0,0,0,0,0,0,0,0,0,0,0,0,40,57775,0,0,0.0,0.0,0.0,0.0,0.0,0.0,0,0,0,0,1.0
Brennan Johnson,MID,Everton,209,3,1,2026-08-22T14:00:00Z,True,8,6,0,1,0,0,0,0,0,0,0,0,0,0,0,3,60,15299,0,0,0.0,0.0,0.29,4.0,0.3,0.0,2,0,0,2,2.2
Gabriel dos Santos Magalhães,DEF,Arsenal,4,1,1,2026-08-21T19:00:00Z,True,7,90,1,5,0,0,1,0,0,0,0,1,0,0,0,21,80,2647984,0,0,0.05,0.01,0.2,6.6,1.8,1.0,4,0,2,4,4.0
Evan Ferguson,FWD,Brighton,139,7,1,2026-08-23T13:00:00Z,True,2,0,0,0,0,0,0,0,0,0,0,0,0,0,0,0,50,2877,0,0,0.0,0.0,0.0,0.0,0.0,0.0,0,0,0,0,0.0
Frank Onyeka,MID,Coventry City,104,1,1,2026-08-21T19:00:00Z,False,1,90,1,2,0,0,0,3,0,0,0,0,0,0,0,8,50,13188,0,0,0.0,0.01,1.88,3.6,1.6,0.0,3,1,5,9,1.5
Rúben dos Santos Gato Alves Dias,DEF,Man City,390,8,1,2026-08-23T13:00:00Z,True,3,90,1,2,0,0,0,1,0,0,0,0,0,0,0,11,55,148709,0,0,0.0,0.14,0.65,24.4,17.9,2.0,6,0,8,6,2.5
Shea Charles,MID,Fulham,580,10,1,2026-08-24T19:00:00Z,True,6,23,0,1,0,0,0,0,0,0,0,0,0,0,0,5,50,8110,0,0,0.0,0.0,0.03,3.4,1.3,0.0,0,1,2,3,1.5
Milan van Ewijk,DEF,Coventry City,175,1,1,2026-08-21T19:00:00Z,False,1,90,1,1,0,0,0,3,0,0,0,0,0,0,0,-8,40,1257228,0,0,0.0,0.01,1.88,10.6,2.0,2.0,6,1,3,7,1.0
Alexander Isak,FWD,Liverpool,379,9,1,2026-08-23T15:30:00Z,False,17,90,1,2,0,0,0,2,0,0,0,0,0,0,0,6,90,1493302,0,0,1.09,0.01,1.58,11.4,14.6,66.0,1,0,0,1,2.7
Stefanos Tzimas,FWD,Brighton,137,7,1,2026-08-23T13:00:00Z,True,2,0,0,0,0,0,0,0,0,0,0,0,0,0,0,0,55,879,0,0,0.0,0.0,0.0,0.0,0.0,0.0,0,0,0,0,0.0
Jeremy Monga,MID,Man City,410,8,1,2026-08-23T13:00:00Z,True,3,0,0,0,0,0,0,0,0,0,0,0,0,0,0,0,50,1505,0,0,0.0,0.0,0.0,0.0,0.0,0.0,0,0,0,0,1.5
Piero Hincapié,DEF,Arsenal,9,1,1,2026-08-21T19:00:00Z,True,7,9,0,1,0,0,0,0,0,0,0,0,0,0,0,3,55,165924,0,0,0.0,0.0,0.15,0.4,0.5,0.0,0,0,0,0,2.4
Kai Havertz,FWD,Arsenal,26,1,1,2026-08-21T19:00:00Z,True,7,90,1,6,1,0,1,0,0,0,0,0,0,0,0,34,75,468616,0,0,0.26,0.03,0.2,37.2,13.2,25.0,2,0,0,2,2.4
Wes Burns,MID,Ipswich Town,311,5,1,2026-08-22T14:00:00Z,True,20,0,0,0,0,0,0,0,0,0,0,0,0,0,0,0,50,562,0,0,0.0,0.0,0.0,0.0,0.0,0.0,0,0,0,0,0.0
Alejandro Garnacho Ferreyra,MID,Aston Villa,160,7,1,2026-08-23T13:00:00Z,False,5,4,0,1,0,0,0,0,0,0,0,0,0,0,0,2,60,54802,0,0,0.0,0.0,0.14,0.0,0.0,0.0,0,0,0,0,2.2
Bradley Burrowes,MID,Aston Villa,50,7,1,2026-08-23T13:00:00Z,False,5,0,0,0,0,0,0,0,0,0,0,0,0,0,0,0,45,60228,0,0,0.0,0.0,0.0,0.0,0.0,0.0,0,0,0,0,1.0
Brian Brobbey,FWD,Sunderland,552,5,1,2026-08-22T14:00:00Z,False,12,66,1,2,0,0,0,1,0,0,0,0,0,0,0,1,60,1279847,0,0,0.3,0.0,1.69,0.0,1.5,9.0,0,0,0,0,2.0
Alex Murphy,DEF,Newcastle,451,9,1,2026-08-23T15:30:00Z,True,14,0,0,0,0,0,0,0,0,0,0,0,0,0,0,0,40,12873,0,0,0.0,0.0,0.0,0.0,0.0,0.0,0,0,0,0,0.0
Pascal Struijk,DEF,Brighton,328,7,1,2026-08-23T13:00:00Z,True,2,0,0,0,0,0,0,0,0,0,0,0,0,0,0,0,50,19933,0,0,0.0,0.0,0.0,0.0,0.0,0.0,0,0,0,0,2.2
Igor Julio dos Santos de Paulo,DEF,Brighton,118,7,1,2026-08-23T13:00:00Z,True,2,0,0,0,0,0,0,0,0,0,0,0,0,0,0,0,45,7195,0,0,0.0,0.0,0.0,0.0,0.0,0.0,0,0,0,0,1.7
Ola Aina,DEF,Nott'm Forest,473,6,1,2026-08-22T14:00:00Z,True,13,73,1,5,0,0,1,0,0,0,0,1,0,0,0,24,45,328883,0,0,0.04,0.17,0.34,16.0,35.6,11.0,2,0,4,2,1.7
Abdul Fatawu,MID,Ipswich Town,315,5,1,2026-08-22T14:00:00Z,True,20,65,1,2,0,0,0,1,0,0,0,0,0,0,0,22,55,21235,0,0,0.0,0.41,0.63,18.6,28.4,8.0,1,4,2,7,2.0
Zion Suzuki,GK,Aston Villa,597,7,1,2026-08-23T13:00:00Z,False,5,0,0,0,0,0,0,0,0,0,0,0,0,0,0,0,50,61739,0,0,0.0,0.0,0.0,0.0,0.0,0.0,0,0,0,0,2.6
Nordi Mukiele,DEF,Sunderland,533,5,1,2026-08-22T14:00:00Z,False,12,0,0,0,0,0,0,0,0,0,0,0,0,0,0,0,55,257772,0,0,0.0,0.0,0.0,0.0,0.0,0.0,0,0,0,0,2.5
Nico O'Reilly,DEF,Man City,387,8,1,2026-08-23T13:00:00Z,True,3,62,1,2,0,0,0,1,0,0,0,0,0,0,0,5,65,1877660,0,0,0.07,0.41,0.55,8.8,30.4,11.0,1,1,5,2,3.1
Pedro Porro Sauceda,DEF,Spurs,499,2,1,2026-08-22T16:30:00Z,False,4,0,0,0,0,0,0,0,0,0,0,0,0,0,0,0,55,1595087,0,0,0.0,0.0,0.0,0.0,0.0,0.0,0,0,0,0,0.0
João Pedro Loureiro da Costa,DEF,Brighton,119,7,1,2026-08-23T13:00:00Z,True,2,26,0,1,0,0,0,0,0,0,0,0,0,0,0,7,45,2148,0,0,0.12,0.0,0.1,8.2,1.9,18.0,3,1,0,4,1.7
Omar Alderete,DEF,Sunderland,535,5,1,2026-08-22T14:00:00Z,False,12,23,0,1,0,0,0,1,0,0,0,0,0,0,0,2,50,41929,0,0,0.0,0.01,0.1,0.0,0.6,0.0,0,0,2,0,2.2
Rodrigo Muniz Carvalho,FWD,Fulham,271,10,1,2026-08-24T19:00:00Z,True,6,8,0,1,0,0,0,0,0,0,0,0,0,0,0,6,55,52452,0,0,0.02,0.0,0.03,6.0,11.5,7.0,1,0,0,1,1.8
Joachim Andersen,DEF,Fulham,253,10,1,2026-08-24T19:00:00Z,True,6,0,0,0,0,0,0,0,0,0,0,0,0,0,0,0,50,3342,0,0,0.0,0.0,0.0,0.0,0.0,0.0,0,0,0,0,0.0
Jaydee Canvot,DEF,Crystal Palace,203,3,1,2026-08-22T14:00:00Z,False,9,90,1,1,0,0,0,2,0,0,0,0,0,0,0,9,50,30748,0,0,0.05,0.01,1.12,27.4,5.7,5.0,4,4,3,8,2.2
Hákon Rafn Valdimarsson,GK,Brentford,83,2,1,2026-08-22T16:30:00Z,True,19,0,0,0,0,0,0,0,0,0,0,0,0,0,0,0,45,9667,0,0,0.0,0.0,0.0,0.0,0.0,0.0,0,0,0,0,1.9
Vitaly Janelt,MID,Brentford,98,2,1,2026-08-22T16:30:00Z,True,19,90,1,9,1,0,1,0,0,0,0,1,0,0,0,35,50,9018,0,0,0.39,0.17,0.57,53.2,38.8,24.0,6,4,3,13,1.5
Chris Rigg,MID,Sunderland,548,5,1,2026-08-22T14:00:00Z,False,12,10,0,1,0,0,0,1,0,0,0,0,0,0,0,3,50,6214,0,0,0.0,0.0,0.1,0.0,0.3,0.0,0,0,1,1,1.5
Habib Diarra,MID,Sunderland,543,5,1,2026-08-22T14:00:00Z,False,12,10,0,1,0,0,0,1,0,0,0,0,0,0,0,3,55,6286,0,0,0.03,0.0,0.1,0.4,0.6,2.0,0,0,0,0,2.0
Emiliano Buendía Stati,MID,Aston Villa,41,7,1,2026-08-23T13:00:00Z,False,5,85,1,2,0,0,0,4,0,0,0,0,0,0,0,4,60,120830,0,0,0.13,0.09,3.62,0.0,16.3,8.0,3,1,3,7,2.2
Dango Ouattara,MID,Brentford,95,2,1,2026-08-22T16:30:00Z,True,19,66,1,3,0,0,1,0,0,0,0,0,0,0,0,6,65,105835,0,0,0.05,0.29,0.47,1.0,30.8,15.0,2,0,4,6,2.3
Kenny Tete,DEF,Fulham,256,10,1,2026-08-24T19:00:00Z,True,6,0,0,0,0,0,0,0,0,0,0,0,0,0,0,0,45,24681,0,0,0.0,0.0,0.0,0.0,0.0,0.0,0,0,0,0,1.7
Antoine Semenyo,MID,Man City,397,8,1,2026-08-23T13:00:00Z,True,3,90,1,2,0,0,0,1,0,0,0,0,0,0,0,16,85,2354040,0,0,0.06,0.02,0.65,5.8,8.9,31.0,0,1,4,5,2.9
Aladji Bamba,MID,Newcastle,559,9,1,2026-08-23T15:30:00Z,True,14,14,0,1,0,0,0,1,0,0,0,0,0,0,0,5,50,12608,0,0,0.0,0.0,1.04,4.0,0.0,0.0,1,1,0,2,1.5
Max Dowman,MID,Arsenal,20,1,1,2026-08-21T19:00:00Z,True,7,0,0,0,0,0,0,0,0,0,0,0,0,0,0,0,55,8920,0,0,0.0,0.0,0.0,0.0,0.0,0.0,0,0,0,0,1.9
Óscar Zambrano,MID,Hull City,294,4,1,2026-08-22T11:30:00Z,True,16,0,0,0,0,0,0,0,0,0,0,0,0,0,0,0,45,10995,0,0,0.0,0.0,0.0,0.0,0.0,0.0,0,0,0,0,0.0
Yehor Yarmoliuk,MID,Brentford,102,2,1,2026-08-22T16:30:00Z,True,19,23,0,1,0,0,0,0,0,0,0,0,0,0,0,7,50,123741,0,0,0.04,0.0,0.1,2.2,0.8,3.0,1,2,3,6,1.5
Ethan Pinnock,DEF,Brentford,91,2,1,2026-08-22T16:30:00Z,True,19,0,0,0,0,0,0,0,0,0,0,0,0,0,0,0,45,7000,0,0,0.0,0.0,0.0,0.0,0.0,0.0,0,0,0,0,1.7
Victor Torp,MID,Coventry City,188,1,1,2026-08-21T19:00:00Z,False,1,28,0,1,0,0,0,0,0,0,0,0,0,0,0,8,55,15509,0,0,0.0,0.11,0.32,6.8,16.4,0.0,1,0,0,1,2.0
Sidiki Cherif,FWD,Coventry City,599,1,1,2026-08-21T19:00:00Z,False,1,0,0,0,0,0,0,0,0,0,0,0,0,0,0,0,50,7348,0,0,0.0,0.0,0.0,0.0,0.0,0.0,0,0,0,0,1.4
Illan Meslier,GK,Arsenal,3,1,1,2026-08-21T19:00:00Z,True,7,0,0,0,0,0,0,0,0,0,0,0,0,0,0,0,50,2971,0,0,0.0,0.0,0.0,0.0,0.0,0.0,0,0,0,0,2.6
Steven Benda,GK,Nott'm Forest,590,6,1,2026-08-22T14:00:00Z,True,13,0,0,0,0,0,0,0,0,0,0,0,0,0,0,0,45,5245,0,0,0.0,0.0,0.0,0.0,0.0,0.0,0,0,0,0,1.9
Lucas Digne,DEF,Aston Villa,30,7,1,2026-08-23T13:00:00Z,False,5,0,0,0,0,0,0,0,0,0,0,0,0,0,0,0,45,13780,0,0,0.0,0.0,0.0,0.0,0.0,0.0,0,0,0,0,0.0
Adam Aznou,DEF,Everton,235,3,1,2026-08-22T14:00:00Z,True,8,0,0,0,0,0,0,0,0,0,0,0,0,0,0,0,40,16732,0,0,0.0,0.0,0.0,0.0,0.0,0.0,0,0,0,0,1.0
Christantus Uche,FWD,Crystal Palace,225,3,1,2026-08-22T14:00:00Z,False,9,0,0,0,0,0,0,0,0,0,0,0,0,0,0,0,50,0,0,0,0.0,0.0,0.0,0.0,0.0,0.0,0,0,0,0,0.0
Sean Neave,FWD,Newcastle,466,9,1,2026-08-23T15:30:00Z,True,14,0,0,0,0,0,0,0,0,0,0,0,0,0,0,0,45,66588,0,0,0.0,0.0,0.0,0.0,0.0,0.0,0,0,0,0,1.0
Wellity Lucky,DEF,Liverpool,361,9,1,2026-08-23T15:30:00Z,False,17,0,0,0,0,0,0,0,0,0,0,0,0,0,0,0,40,10838,0,0,0.0,0.0,0.0,0.0,0.0,0.0,0,0,0,0,1.0
Julián Araujo Zúñiga,DEF,Bournemouth,65,8,1,2026-08-23T13:00:00Z,False,15,0,0,0,0,0,0,0,0,0,0,0,0,0,0,0,45,1775,0,0,0.0,0.0,0.0,0.0,0.0,0.0,0,0,0,0,0.0
Jarrad Branthwaite,DEF,Everton,230,3,1,2026-08-22T14:00:00Z,True,8,90,1,6,0,0,1,0,0,0,0,0,0,0,0,27,55,141420,0,0,0.0,0.01,1.96,18.6,0.8,6.0,6,2,2,8,2.5
Tanaka Ao,MID,Leeds,345,6,1,2026-08-22T14:00:00Z,False,18,0,0,0,0,0,0,0,0,0,0,0,0,0,0,0,50,23052,0,0,0.0,0.0,0.0,0.0,0.0,0.0,0,0,0,0,1.5
Phil Foden,MID,Man City,398,8,1,2026-08-23T13:00:00Z,True,3,81,1,1,0,0,0,1,0,0,0,1,0,0,0,15,70,387178,0,0,0.12,0.4,0.65,10.4,49.6,15.0,0,3,3,6,2.5
Pape Matar Sarr,MID,Spurs,518,2,1,2026-08-22T16:30:00Z,False,4,0,0,0,0,0,0,0,0,0,0,0,0,0,0,0,50,25576,0,0,0.0,0.0,0.0,0.0,0.0,0.0,0,0,0,0,0.0
Triston Rowe,DEF,Aston Villa,606,7,1,2026-08-23T13:00:00Z,False,5,0,0,0,0,0,0,0,0,0,0,0,0,0,0,0,40,0,0,0,0.0,0.0,0.0,0.0,0.0,0.0,0,0,0,0,1.0
Kobbie Mainoo,MID,Man Utd,432,4,1,2026-08-22T11:30:00Z,False,11,23,0,1,0,0,0,0,0,0,0,0,0,0,0,7,55,89014,0,0,0.07,0.01,0.07,2.8,2.5,2.0,0,0,1,1,2.0
Benjamin White,DEF,Arsenal,10,1,1,2026-08-21T19:00:00Z,True,7,90,1,11,0,1,1,0,0,0,0,0,0,0,2,37,55,401419,0,0,0.18,0.21,0.2,33.2,26.8,13.0,4,1,3,5,2.5
Divine Mukasa,MID,Man City,409,8,1,2026-08-23T13:00:00Z,True,3,0,0,0,0,0,0,0,0,0,0,0,0,0,0,0,45,16621,0,0,0.0,0.0,0.0,0.0,0.0,0.0,0,0,0,0,1.0
Pep Chavarría,DEF,Chelsea,583,10,1,2026-08-24T19:00:00Z,False,10,25,0,1,0,0,0,0,0,0,0,0,0,0,0,3,50,17073,0,0,0.0,0.0,0.28,2.4,0.2,2.0,1,0,1,1,2.2
Alex Scott,MID,Bournemouth,69,8,1,2026-08-23T13:00:00Z,False,15,90,1,2,0,0,0,2,0,0,0,0,0,0,0,17,60,134668,0,0,0.0,0.01,2.25,11.4,4.8,0.0,1,4,6,11,2.2
Lewis Miley,MID,Newcastle,459,9,1,2026-08-23T15:30:00Z,True,14,75,1,3,0,0,0,1,0,0,0,1,0,0,0,13,55,4093,0,0,0.05,0.01,1.94,15.6,21.4,3.0,6,1,6,13,2.0
Tatsuhiro Sakamoto,MID,Coventry City,185,1,1,2026-08-21T19:00:00Z,False,1,0,0,0,0,0,0,0,0,0,0,0,0,0,0,0,50,10294,0,0,0.0,0.0,0.0,0.0,0.0,0.0,0,0,0,0,1.5
Maxim De Cuyper,DEF,Brighton,115,7,1,2026-08-23T13:00:00Z,True,2,77,1,17,1,1,1,0,0,0,0,0,0,0,2,46,45,151636,0,0,1.47,0.21,0.29,40.6,45.3,43.0,1,3,3,4,1.9
Abu Kamara,MID,Hull City,293,4,1,2026-08-22T11:30:00Z,True,16,0,0,0,0,0,0,0,0,0,0,0,0,0,0,0,50,555,0,0,0.0,0.0,0.0,0.0,0.0,0.0,0,0,0,0,0.0
Iliman Ndiaye,MID,Everton,237,3,1,2026-08-22T14:00:00Z,True,8,90,1,9,0,1,1,0,0,0,0,0,0,0,1,36,60,1434152,0,0,0.24,0.32,1.96,40.8,39.8,48.0,0,4,8,12,2.2
Borna Sosa,DEF,Crystal Palace,205,3,1,2026-08-22T14:00:00Z,False,9,0,0,0,0,0,0,0,0,0,0,0,0,0,0,0,45,2785,0,0,0.0,0.0,0.0,0.0,0.0,0.0,0,0,0,0,1.7
Bruno Borges Fernandes,MID,Man Utd,426,4,1,2026-08-22T11:30:00Z,False,11,90,1,2,0,0,0,2,0,0,0,0,0,0,0,18,120,4653303,0,0,0.08,0.26,1.01,20.2,55.4,17.0,1,0,5,6,4.0
John Egan,DEF,Hull City,277,4,1,2026-08-22T11:30:00Z,True,16,90,1,8,0,0,1,0,0,0,0,0,0,0,0,27,40,134746,0,0,0.0,0.0,1.83,43.4,0.1,2.0,20,1,3,21,1.0
Nicolás Domínguez,MID,Nott'm Forest,487,6,1,2026-08-22T14:00:00Z,True,13,0,0,0,0,0,0,0,0,0,0,0,0,0,0,0,50,7576,0,0,0.0,0.0,0.0,0.0,0.0,0.0,0,0,0,0,1.5
Manuel Ugarte Ribeiro,MID,Man Utd,433,4,1,2026-08-22T11:30:00Z,False,11,0,0,0,0,0,0,0,0,0,0,0,0,0,0,0,50,333,0,0,0.0,0.0,0.0,0.0,0.0,0.0,0,0,0,0,0.0
Chido Obi,FWD,Man Utd,441,4,1,2026-08-22T11:30:00Z,False,11,0,0,0,0,0,0,0,0,0,0,0,0,0,0,0,45,100521,0,0,0.0,0.0,0.0,0.0,0.0,0.0,0,0,0,0,1.0
Mark Gillespie,GK,Newcastle,443,9,1,2026-08-23T15:30:00Z,True,14,0,0,0,0,0,0,0,0,0,0,0,0,0,0,0,45,2989,0,0,0.0,0.0,0.0,0.0,0.0,0.0,0,0,0,0,1.9
Bernd Leno,GK,Fulham,250,10,1,2026-08-24T19:00:00Z,True,6,90,1,2,0,0,0,3,0,0,0,0,0,3,0,11,45,272035,0,0,0.0,0.0,2.24,29.6,0.0,0.0,1,0,9,0,1.9
Alfie McNally,GK,Fulham,252,10,1,2026-08-24T19:00:00Z,True,6,0,0,0,0,0,0,0,0,0,0,0,0,0,0,0,40,13569,0,0,0.0,0.0,0.0,0.0,0.0,0.0,0,0,0,0,1.0
Ryan Sessegnon,DEF,Fulham,269,10,1,2026-08-24T19:00:00Z,True,6,17,0,1,0,0,0,0,0,0,0,0,0,0,0,7,45,39784,0,0,0.03,0.0,0.03,6.6,0.5,19.0,1,0,1,1,1.7
Ryan Yates,MID,Nott'm Forest,489,6,1,2026-08-22T14:00:00Z,True,13,0,0,0,0,0,0,0,0,0,0,0,0,0,0,0,45,177323,0,0,0.0,0.0,0.0,0.0,0.0,0.0,0,0,0,0,0.0
Sebastiaan Bornauw,DEF,Leeds,333,6,1,2026-08-22T14:00:00Z,False,18,0,0,0,0,0,0,0,0,0,0,0,0,0,0,0,45,512,0,0,0.0,0.0,0.0,0.0,0.0,0.0,0,0,0,0,0.0
Bruno Guimarães Rodriguez Moura,MID,Arsenal,452,1,1,2026-08-21T19:00:00Z,True,7,0,0,0,0,0,0,0,0,0,0,0,0,0,0,0,70,391151,0,0,0.0,0.0,0.0,0.0,0.0,0.0,0,0,0,0,1.8
Cody Gakpo,MID,Liverpool,367,9,1,2026-08-23T15:30:00Z,False,17,90,1,12,1,0,0,2,0,0,0,0,0,0,3,33,70,310403,0,0,0.3,0.15,1.58,44.0,34.0,37.0,4,3,5,12,2.5
Amad Diallo,MID,Man Utd,431,4,1,2026-08-22T11:30:00Z,False,11,0,0,0,0,0,0,0,0,0,0,0,0,0,0,0,60,145627,0,0,0.0,0.0,0.0,0.0,0.0,0.0,0,0,0,0,2.1
Calvin Bassey,DEF,Fulham,257,10,1,2026-08-24T19:00:00Z,True,6,90,1,0,0,0,0,3,0,0,0,1,0,0,0,1,45,64737,0,0,0.02,0.02,2.24,13.8,3.8,2.0,3,1,4,4,1.7
James Garner,MID,Everton,239,3,1,2026-08-22T14:00:00Z,True,8,11,0,1,0,0,0,0,0,0,0,0,0,0,0,6,60,11659,0,0,0.0,0.03,0.34,4.8,11.8,2.0,0,1,0,1,0.5
Boubacar Kamara,MID,Aston Villa,47,7,1,2026-08-23T13:00:00Z,False,5,90,1,2,0,0,0,4,0,0,0,0,0,0,0,9,50,31172,0,0,0.0,0.0,3.77,11.2,2.8,0.0,3,2,2,7,1.5
Kepa Arrizabalaga Revuelta,GK,Arsenal,2,1,1,2026-08-21T19:00:00Z,True,7,0,0,0,0,0,0,0,0,0,0,0,0,0,0,0,50,7415,0,0,0.0,0.0,0.0,0.0,0.0,0.0,0,0,0,0,2.6
Raphael Borges Rodrigues,MID,Coventry City,191,1,1,2026-08-21T19:00:00Z,False,1,0,0,0,0,0,0,0,0,0,0,0,0,0,0,0,45,16813,0,0,0.0,0.0,0.0,0.0,0.0,0.0,0,0,0,0,1.0
Martin Dubravka,GK,Spurs,497,2,1,2026-08-22T16:30:00Z,False,4,0,0,0,0,0,0,0,0,0,0,0,0,0,0,0,40,1778139,0,0,0.0,0.0,0.0,0.0,0.0,0.0,0,0,0,0,1.0
James Maddison,MID,Spurs,515,2,1,2026-08-22T16:30:00Z,False,4,22,0,1,0,0,0,0,0,0,0,0,0,0,0,6,65,119410,0,0,0.0,0.01,0.85,4.4,8.3,8.0,1,0,1,2,2.3
Chris Richards,DEF,Crystal Palace,202,3,1,2026-08-22T14:00:00Z,False,9,90,1,3,0,0,0,2,0,0,0,0,0,0,0,13,50,66477,0,0,0.0,0.0,1.12,42.6,0.7,0.0,14,2,1,16,2.2
Matthijs de Ligt,DEF,Man Utd,416,4,1,2026-08-22T11:30:00Z,False,11,0,0,0,0,0,0,0,0,0,0,0,0,0,0,0,50,2274,0,0,0.0,0.0,0.0,0.0,0.0,0.0,0,0,0,0,0.0
Sávio Moreira de Oliveira,MID,Man City,403,8,1,2026-08-23T13:00:00Z,True,3,0,0,0,0,0,0,0,0,0,0,0,0,0,0,0,65,23783,0,0,0.0,0.0,0.0,0.0,0.0,0.0,0,0,0,0,2.3
Dário Luís Essugo,MID,Chelsea,163,10,1,2026-08-24T19:00:00Z,False,10,0,0,0,0,0,0,0,0,0,0,0,0,0,0,0,45,18298,0,0,0.0,0.0,0.0,0.0,0.0,0.0,0,0,0,0,1.0
Jake Bidwell,DEF,Coventry City,178,1,1,2026-08-21T19:00:00Z,False,1,0,0,0,0,0,0,0,0,0,0,0,0,0,0,0,40,7091,0,0,0.0,0.0,0.0,0.0,0.0,0.0,0,0,0,0,1.0
Ayden Heaven,DEF,Man Utd,421,4,1,2026-08-22T11:30:00Z,False,11,90,1,1,0,0,0,2,0,0,0,0,0,0,0,5,45,33647,0,0,0.12,0.04,1.01,6.8,2.6,11.0,1,1,4,2,1.7
Lucas Bergvall,MID,Spurs,520,2,1,2026-08-22T16:30:00Z,False,4,45,1,1,0,0,0,2,0,0,0,0,0,0,0,2,55,18443,0,0,0.0,0.01,1.7,0.0,2.0,2.0,0,1,7,8,2.0
Caleb Yirenkyi,MID,Coventry City,575,1,1,2026-08-21T19:00:00Z,False,1,61,1,1,0,0,0,3,0,0,0,1,0,0,0,2,50,23536,0,0,0.0,0.0,1.56,0.0,3.1,0.0,0,0,3,3,1.5
Antoni Milambo,MID,Brentford,99,2,1,2026-08-22T16:30:00Z,True,19,0,0,0,0,0,0,0,0,0,0,0,0,0,0,0,50,187,0,0,0.0,0.0,0.0,0.0,0.0,0.0,0,0,0,0,0.0
Promise David,FWD,Brighton,594,7,1,2026-08-23T13:00:00Z,True,2,0,0,0,0,0,0,0,0,0,0,0,0,0,0,0,60,20944,0,0,0.0,0.0,0.0,0.0,0.0,0.0,0,0,0,0,2.0
Tino Livramento,DEF,Newcastle,450,9,1,2026-08-23T15:30:00Z,True,14,0,0,0,0,0,0,0,0,0,0,0,0,0,0,0,50,4326,0,0,0.0,0.0,0.0,0.0,0.0,0.0,0,0,0,0,0.0
Tyrick Mitchell,DEF,Crystal Palace,204,3,1,2026-08-22T14:00:00Z,False,9,90,1,1,0,0,0,2,0,0,0,0,0,0,0,9,45,580791,0,0,0.0,0.01,1.12,11.6,13.8,2.0,3,2,4,5,1.7
Jaidon Anthony,MID,Brentford,105,2,1,2026-08-22T16:30:00Z,True,19,23,0,1,0,0,0,0,0,0,0,0,0,0,0,9,60,14244,0,0,0.03,0.35,0.1,10.6,34.9,1.0,0,2,6,8,2.2
Julio Soler Barreto,DEF,Bournemouth,66,8,1,2026-08-23T13:00:00Z,False,15,0,0,0,0,0,0,0,0,0,0,0,0,0,0,0,40,19739,0,0,0.0,0.0,0.0,0.0,0.0,0.0,0,0,0,0,0.8
Valentín Barco,MID,Chelsea,568,10,1,2026-08-24T19:00:00Z,False,10,0,0,0,0,0,0,0,0,0,0,0,0,0,0,0,55,12041,0,0,0.0,0.0,0.0,0.0,0.0,0.0,0,0,0,0,2.0
Matheus Santos Carneiro da Cunha,MID,Man Utd,428,4,1,2026-08-22T11:30:00Z,False,11,79,1,2,0,0,0,2,0,0,0,0,0,0,0,14,80,901042,0,0,0.24,0.21,1.01,5.4,28.2,35.0,0,0,3,3,2.8
Tyrique George,MID,Everton,242,3,1,2026-08-22T14:00:00Z,True,8,83,1,3,0,0,1,0,0,0,0,0,0,0,0,13,55,24527,0,0,0.18,0.08,1.67,7.0,23.4,25.0,3,0,4,7,2.0
Shea Lacey,MID,Man Utd,435,4,1,2026-08-22T11:30:00Z,False,11,10,0,1,0,0,0,0,0,0,0,0,0,0,0,3,50,4147,0,0,0.0,0.0,0.0,0.2,0.6,0.0,0,0,1,1,1.5
Ezri Konsa Ngoyo,DEF,Arsenal,31,1,1,2026-08-21T19:00:00Z,True,7,0,0,0,0,0,0,0,0,0,0,0,0,0,0,0,45,1206127,0,0,0.0,0.0,0.0,0.0,0.0,0.0,0,0,0,0,1.7
Djiamgone Jocelin Ta Bi,MID,Sunderland,550,5,1,2026-08-22T14:00:00Z,False,12,0,0,0,0,0,0,0,0,0,0,0,0,0,0,0,50,501,0,0,0.0,0.0,0.0,0.0,0.0,0.0,0,0,0,0,1.5
Jorrel Hato,DEF,Chelsea,148,10,1,2026-08-24T19:00:00Z,False,10,64,1,1,0,0,0,2,0,0,0,0,0,0,0,5,45,40724,0,0,0.01,0.03,1.05,8.4,12.3,11.0,1,2,2,3,1.7
Lamare Bogarde,MID,Aston Villa,35,7,1,2026-08-23T13:00:00Z,False,5,16,0,1,0,0,0,0,0,0,0,0,0,0,0,3,50,5822,0,0,0.0,0.0,0.22,2.2,0.5,0.0,1,0,0,1,1.5
Justin Devenny,MID,Crystal Palace,215,3,1,2026-08-22T14:00:00Z,False,9,0,0,0,0,0,0,0,0,0,0,0,0,0,0,0,50,1134,0,0,0.0,0.0,0.0,0.0,0.0,0.0,0,0,0,0,1.5
Matt Crooks,MID,Hull City,289,4,1,2026-08-22T11:30:00Z,True,16,90,1,2,0,0,1,0,0,0,0,1,0,0,0,9,45,57929,0,0,0.0,0.0,1.83,19.0,2.4,0.0,4,4,1,9,1.0
Ronald Araujo,DEF,Liverpool,579,9,1,2026-08-23T15:30:00Z,False,17,20,0,1,0,0,0,0,0,0,0,0,0,0,0,3,55,211388,0,0,0.0,0.03,0.54,13.2,1.2,0.0,3,1,1,4,2.5
Callum Hudson-Odoi,MID,Nott'm Forest,482,6,1,2026-08-22T14:00:00Z,True,13,0,0,0,0,0,0,0,0,0,0,0,0,0,0,0,60,23579,0,0,0.0,0.0,0.0,0.0,0.0,0.0,0,0,0,0,2.2
Tom Cairney,MID,Fulham,266,10,1,2026-08-24T19:00:00Z,True,6,0,0,0,0,0,0,0,0,0,0,0,0,0,0,0,50,464,0,0,0.0,0.0,0.0,0.0,0.0,0.0,0,0,0,0,0.0
Luca Netz,DEF,Nott'm Forest,478,6,1,2026-08-22T14:00:00Z,True,13,16,0,1,0,0,0,1,0,0,0,0,0,0,0,-2,45,2322,0,0,0.0,0.0,0.13,0.0,0.9,0.0,0,0,1,0,1.7
Mathias Jensen,MID,Brentford,97,2,1,2026-08-22T16:30:00Z,True,19,66,1,6,0,1,1,0,0,0,0,0,0,0,0,22,55,16245,0,0,0.08,0.34,0.47,12.6,46.2,13.0,0,2,3,5,2.0
Harrison Reed,MID,Fulham,270,10,1,2026-08-24T19:00:00Z,True,6,0,0,0,0,0,0,0,0,0,0,0,0,0,0,0,45,139875,0,0,0.0,0.0,0.0,0.0,0.0,0.0,0,0,0,0,1.0
Thomas Meunier,DEF,Sunderland,541,5,1,2026-08-22T14:00:00Z,False,12,90,1,1,0,0,0,2,0,0,0,0,0,0,0,5,45,26928,0,0,0.08,0.08,1.8,13.8,5.3,11.0,2,2,3,4,1.7
Alex Iwobi,MID,Fulham,261,10,1,2026-08-24T19:00:00Z,True,6,90,1,2,0,0,0,3,0,0,0,0,0,0,0,17,55,88413,0,0,0.0,0.04,2.24,12.4,11.3,0.0,3,1,6,10,2.0
Lukas Nmecha,FWD,Leeds,347,6,1,2026-08-22T14:00:00Z,False,18,0,0,0,0,0,0,0,0,0,0,0,0,0,0,0,55,53564,0,0,0.0,0.0,0.0,0.0,0.0,0.0,0,0,0,0,1.8
Lucas Herrington,DEF,Hull City,585,4,1,2026-08-22T11:30:00Z,True,16,26,0,1,0,0,0,0,0,0,0,0,0,0,0,4,40,53978,0,0,0.0,0.0,0.96,8.0,0.0,0.0,4,0,0,4,1.0
Brian Madjo,FWD,Aston Villa,582,7,1,2026-08-23T13:00:00Z,False,5,0,0,0,0,0,0,0,0,0,0,0,0,0,0,0,55,46241,0,0,0.0,0.0,0.0,0.0,0.0,0.0,0,0,0,0,0.0
Cheick Doucouré,MID,Crystal Palace,218,3,1,2026-08-22T14:00:00Z,False,9,0,0,0,0,0,0,0,0,0,0,0,0,0,0,0,50,6199,0,0,0.0,0.0,0.0,0.0,0.0,0.0,0,0,0,0,1.5
Adrien Truffert,DEF,Bournemouth,61,8,1,2026-08-23T13:00:00Z,False,15,90,1,1,0,0,0,2,0,0,0,0,0,0,0,0,55,392050,0,0,0.0,0.0,2.25,15.4,1.3,0.0,5,2,7,7,2.5
Enes Ünal,FWD,Bournemouth,80,8,1,2026-08-23T13:00:00Z,False,15,0,0,0,0,0,0,0,0,0,0,0,0,0,0,0,55,3581,0,0,0.0,0.0,0.0,0.0,0.0,0.0,0,0,0,0,0.0
Joe Gelhardt,MID,Hull City,340,4,1,2026-08-22T11:30:00Z,True,16,0,0,0,0,0,0,0,0,0,0,0,0,0,0,0,50,1365,0,0,0.0,0.0,0.0,0.0,0.0,0.0,0,0,0,0,0.0
Dillon Phillips,GK,Hull City,273,4,1,2026-08-22T11:30:00Z,True,16,0,0,0,0,0,0,0,0,0,0,0,0,0,0,0,40,138196,0,0,0.0,0.0,0.0,0.0,0.0,0.0,0,0,0,0,1.0
Florian Wirtz,MID,Liverpool,366,9,1,2026-08-23T15:30:00Z,False,17,62,1,2,0,0,0,2,0,0,0,0,0,0,0,16,75,1122658,0,0,0.26,0.04,0.51,9.8,17.9,29.0,0,1,4,5,2.6
Rodrigo 'Rodri' Hernandez Cascante,MID,Man City,402,8,1,2026-08-23T13:00:00Z,True,3,0,0,0,0,0,0,0,0,0,0,0,0,0,0,0,65,2341,0,0,0.0,0.0,0.0,0.0,0.0,0.0,0,0,0,0,0.0
George Shepherd,MID,Coventry City,189,1,1,2026-08-21T19:00:00Z,False,1,0,0,0,0,0,0,0,0,0,0,0,0,0,0,0,45,28435,0,0,0.0,0.0,0.0,0.0,0.0,0.0,0,0,0,0,1.0
Kieran Dowell,MID,Hull City,288,4,1,2026-08-22T11:30:00Z,True,16,0,0,0,0,0,0,0,0,0,0,0,0,0,0,0,45,35457,0,0,0.0,0.0,0.0,0.0,0.0,0.0,0,0,0,0,1.0
Jaka Bijol,DEF,Leeds,327,6,1,2026-08-22T14:00:00Z,False,18,90,1,10,0,0,1,0,0,0,0,0,0,0,2,28,50,27043,0,0,0.11,0.0,0.66,23.6,0.4,15.0,11,1,5,12,2.2
Morgan Rogers,MID,Chelsea,40,10,1,2026-08-24T19:00:00Z,False,10,81,1,8,1,0,0,2,0,0,0,0,0,0,1,37,75,2178086,0,0,0.96,0.1,1.24,48.8,53.5,29.0,0,2,5,7,2.6
Will Hughes,MID,Crystal Palace,212,3,1,2026-08-22T14:00:00Z,False,9,0,0,0,0,0,0,0,0,0,0,0,0,0,0,0,45,1093674,0,0,0.0,0.0,0.0,0.0,0.0,0.0,0,0,0,0,1.0
Tammy Abraham,FWD,Aston Villa,56,7,1,2026-08-23T13:00:00Z,False,5,0,0,0,0,0,0,0,0,0,0,0,0,0,0,0,55,11764,0,0,0.0,0.0,0.0,0.0,0.0,0.0,0,0,0,0,1.3
Christian Nørgaard,MID,Everton,21,3,1,2026-08-22T14:00:00Z,True,8,0,0,0,0,0,0,0,0,0,0,0,0,0,0,0,50,10920,0,0,0.0,0.0,0.0,0.0,0.0,0.0,0,0,0,0,0.0
Arnaud Kalimuendo,FWD,Nott'm Forest,493,6,1,2026-08-22T14:00:00Z,True,13,1,0,1,0,0,0,0,0,0,0,0,0,0,0,3,55,4138,0,0,0.0,0.0,0.0,0.0,0.0,0.0,0,0,0,0,1.8
Timothy Castagne,DEF,Fulham,258,10,1,2026-08-24T19:00:00Z,True,6,90,1,6,0,2,0,3,0,0,0,1,0,0,0,21,45,26346,0,0,0.09,0.18,2.24,38.0,27.8,23.0,5,1,4,6,1.7
Jack Hinshelwood,MID,Brighton,123,7,1,2026-08-23T13:00:00Z,True,2,63,1,16,2,0,1,0,0,0,0,0,0,0,3,54,60,39219,0,0,1.41,0.02,0.19,72.8,13.4,59.0,0,2,1,3,2.2
Tyler Fletcher,MID,Man Utd,438,4,1,2026-08-22T11:30:00Z,False,11,0,0,0,0,0,0,0,0,0,0,0,0,0,0,0,45,31336,0,0,0.0,0.0,0.0,0.0,0.0,0.0,0,0,0,0,1.0
Darko Gyabi,MID,Hull City,297,4,1,2026-08-22T11:30:00Z,True,16,0,0,0,0,0,0,0,0,0,0,0,0,0,0,0,45,2774,0,0,0.0,0.0,0.0,0.0,0.0,0.0,0,0,0,0,0.0
Romain Esse,MID,Crystal Palace,216,3,1,2026-08-22T14:00:00Z,False,9,0,0,0,0,0,0,0,0,0,0,0,0,0,0,0,50,3728,0,0,0.0,0.0,0.0,0.0,0.0,0.0,0,0,0,0,1.5
Jørgen Strand Larsen,FWD,Crystal Palace,222,3,1,2026-08-22T14:00:00Z,False,9,27,0,1,0,0,0,0,0,0,0,0,0,0,0,3,60,50940,0,0,0.25,0.01,0.14,1.0,3.5,17.0,0,0,0,0,2.0
Leo Shahar,DEF,Newcastle,609,9,1,2026-08-23T15:30:00Z,True,14,0,0,0,0,0,0,0,0,0,0,0,0,0,0,0,40,0,0,0,0.0,0.0,0.0,0.0,0.0,0.0,0,0,0,0,1.0
James Justin,DEF,Leeds,332,6,1,2026-08-22T14:00:00Z,False,18,90,1,10,0,0,1,0,0,0,0,0,0,0,2,28,45,52732,0,0,0.0,0.01,0.66,24.6,2.3,2.0,6,6,4,12,1.7
Mateo Joseph Fernández-Regatillo,FWD,Leeds,349,6,1,2026-08-22T14:00:00Z,False,18,0,0,0,0,0,0,0,0,0,0,0,0,0,0,0,45,5936,0,0,0.0,0.0,0.0,0.0,0.0,0.0,0,0,0,0,0.0
Geovany Quenda,MID,Chelsea,164,10,1,2026-08-24T19:00:00Z,False,10,8,0,1,0,0,0,0,0,0,0,0,0,0,0,2,55,3758,0,0,0.0,0.0,0.09,1.2,0.3,2.0,1,0,0,1,2.0
Melker Ellborg,GK,Sunderland,531,5,1,2026-08-22T14:00:00Z,False,12,0,0,0,0,0,0,0,0,0,0,0,0,0,0,0,45,8630,0,0,0.0,0.0,0.0,0.0,0.0,0.0,0,0,0,0,1.9
Oliver Dovin,GK,Coventry City,171,1,1,2026-08-21T19:00:00Z,False,1,0,0,0,0,0,0,0,0,0,0,0,0,0,0,0,40,142267,0,0,0.0,0.0,0.0,0.0,0.0,0.0,0,0,0,0,1.0
Thimothée Lo-Tutala,GK,Hull City,276,4,1,2026-08-22T11:30:00Z,True,16,0,0,0,0,0,0,0,0,0,0,0,0,0,0,0,40,3519,0,0,0.0,0.0,0.0,0.0,0.0,0.0,0,0,0,0,0.0
Tom Watson,MID,Brighton,133,7,1,2026-08-23T13:00:00Z,True,2,0,0,0,0,0,0,0,0,0,0,0,0,0,0,0,50,241,0,0,0.0,0.0,0.0,0.0,0.0,0.0,0,0,0,0,0.0
Luka Vušković,DEF,Brighton,504,7,1,2026-08-23T13:00:00Z,True,2,90,1,6,0,0,1,0,0,0,0,0,0,0,0,19,50,221596,0,0,0.13,0.03,0.29,12.4,4.5,12.0,4,0,2,4,2.2
Reiss Nelson,MID,Arsenal,24,1,1,2026-08-21T19:00:00Z,True,7,0,0,0,0,0,0,0,0,0,0,0,0,0,0,0,55,853,0,0,0.0,0.0,0.0,0.0,0.0,0.0,0,0,0,0,2.0
Tyler Fredricson,DEF,Man Utd,425,4,1,2026-08-22T11:30:00Z,False,11,0,0,0,0,0,0,0,0,0,0,0,0,0,0,0,40,2582,0,0,0.0,0.0,0.0,0.0,0.0,0.0,0,0,0,0,0.0
Cameron Humphreys,MID,Ipswich Town,602,5,1,2026-08-22T14:00:00Z,True,20,0,0,0,0,0,0,0,0,0,0,0,0,0,0,0,45,0,0,0,0.0,0.0,0.0,0.0,0.0,0.0,0,0,0,0,1.0
Mats Wieffer,DEF,Brighton,130,7,1,2026-08-23T13:00:00Z,True,2,77,1,7,0,0,1,0,0,0,0,0,0,0,1,32,50,22925,0,0,0.09,0.05,0.29,16.6,26.3,6.0,4,4,5,8,2.2
Joe Rodon,DEF,Leeds,329,6,1,2026-08-22T14:00:00Z,False,18,90,1,6,0,0,1,0,0,0,0,0,0,0,0,21,45,330772,0,0,0.03,0.06,0.66,14.4,14.4,5.0,6,1,1,7,1.7
Zavier Gozo,MID,Crystal Palace,595,3,1,2026-08-22T14:00:00Z,False,9,0,0,0,0,0,0,0,0,0,0,0,0,0,0,0,50,1214,0,0,0.0,0.0,0.0,0.0,0.0,0.0,0,0,0,0,1.5
Sandro Tonali,MID,Spurs,455,2,1,2026-08-22T16:30:00Z,False,4,90,1,2,0,0,0,3,0,0,0,0,0,0,0,14,55,376914,0,0,0.04,0.06,3.87,6.2,6.4,8.0,0,1,3,4,2.0
Mikel Merino Zazón,MID,Arsenal,17,1,1,2026-08-21T19:00:00Z,True,7,14,0,1,0,0,0,0,0,0,0,0,0,0,0,5,60,62671,0,0,0.14,0.02,0.15,3.6,1.2,14.0,0,0,2,2,2.2
Moisés Caicedo Corozo,MID,Chelsea,159,10,1,2026-08-24T19:00:00Z,False,10,0,0,0,0,0,0,0,0,0,0,0,0,0,0,0,55,347122,0,0,0.0,0.0,0.0,0.0,0.0,0.0,0,0,0,0,2.0
Haji Wright,FWD,Coventry City,193,1,1,2026-08-21T19:00:00Z,False,1,0,0,0,0,0,0,0,0,0,0,0,0,0,0,0,55,18871,0,0,0.0,0.0,0.0,0.0,0.0,0.0,0,0,0,0,0.0
Dominic Solanke-Mitchell,FWD,Spurs,526,2,1,2026-08-22T16:30:00Z,False,4,22,0,1,0,0,0,0,0,0,0,0,0,0,0,3,60,126667,0,0,0.07,0.0,0.85,0.0,0.0,5.0,0,0,0,0,2.0
Marcelino Núñez,MID,Ipswich Town,309,5,1,2026-08-22T14:00:00Z,True,20,79,1,4,0,0,0,1,0,0,0,0,0,0,0,26,50,11544,0,0,0.03,0.03,0.63,13.0,7.3,4.0,4,2,6,12,1.5
Ben Wilson,GK,Coventry City,172,1,1,2026-08-21T19:00:00Z,False,1,0,0,0,0,0,0,0,0,0,0,0,0,0,0,0,45,42690,0,0,0.0,0.0,0.0,0.0,0.0,0.0,0,0,0,0,1.9
Alex Tóth,MID,Bournemouth,76,8,1,2026-08-23T13:00:00Z,False,15,15,0,1,0,0,0,2,0,0,0,0,0,0,0,5,50,1238,0,0,0.0,0.0,0.31,2.8,0.6,0.0,0,1,1,2,1.5
Norberto Bercique Gomes Betuncal,FWD,Everton,248,3,1,2026-08-22T14:00:00Z,True,8,11,0,1,0,0,0,0,0,0,0,0,0,0,0,3,55,249740,0,0,0.05,0.0,0.34,0.0,0.0,2.0,0,0,0,0,1.8
Ali Al-Hamadi,FWD,Ipswich Town,322,5,1,2026-08-22T14:00:00Z,True,20,0,0,0,0,0,0,0,0,0,0,0,0,0,0,0,50,13332,0,0,0.0,0.0,0.0,0.0,0.0,0.0,0,0,0,0,1.4
Jérémy Doku,MID,Man City,400,8,1,2026-08-23T13:00:00Z,True,3,0,0,0,0,0,0,0,0,0,0,0,0,0,0,0,75,191182,0,0,0.0,0.0,0.0,0.0,0.0,0.0,0,0,0,0,0.0
Robert Lynch Sánchez,GK,Chelsea,140,10,1,2026-08-24T19:00:00Z,False,10,90,1,2,0,0,0,2,0,0,0,0,0,4,0,6,50,207899,0,0,0.0,0.01,1.33,21.4,0.0,0.0,1,0,5,0,2.6
Leon Bailey,MID,Aston Villa,44,7,1,2026-08-23T13:00:00Z,False,5,0,0,0,0,0,0,0,0,0,0,0,0,0,0,0,55,12940,0,0,0.0,0.0,0.0,0.0,0.0,0.0,0,0,0,0,2.0
Marcos Senesi Barón,DEF,Spurs,498,2,1,2026-08-22T16:30:00Z,False,4,90,1,3,0,0,0,3,0,0,0,0,0,0,0,10,60,724252,0,0,0.0,0.02,3.87,36.6,2.2,0.0,11,5,2,16,2.8
Ben Johnson,DEF,Ipswich Town,307,5,1,2026-08-22T14:00:00Z,True,20,0,0,0,0,0,0,0,0,0,0,0,0,0,0,0,40,10016,0,0,0.0,0.0,0.0,0.0,0.0,0.0,0,0,0,0,1.0
Ethan Nwaneri,MID,Arsenal,22,1,1,2026-08-21T19:00:00Z,True,7,0,0,0,0,0,0,0,0,0,0,0,0,0,0,0,55,1260,0,0,0.0,0.0,0.0,0.0,0.0,0.0,0,0,0,0,2.0
William Saliba,DEF,Arsenal,6,1,1,2026-08-21T19:00:00Z,True,7,0,0,0,0,0,0,0,0,0,0,0,0,0,0,0,60,26559,0,0,0.0,0.0,0.0,0.0,0.0,0.0,0,0,0,0,0.0
George Hemmings,MID,Aston Villa,51,7,1,2026-08-23T13:00:00Z,False,5,90,1,2,0,0,0,4,0,0,0,0,0,0,0,12,45,60759,0,0,0.0,0.0,3.77,10.6,11.6,2.0,0,3,2,5,1.0
Rodrigo Bentancur,MID,Spurs,516,2,1,2026-08-22T16:30:00Z,False,4,45,0,1,0,0,0,1,0,0,0,0,0,0,0,8,55,17403,0,0,0.0,0.01,2.18,2.0,14.7,0.0,0,3,2,5,2.0
Bazoumana Touré,MID,Newcastle,461,9,1,2026-08-23T15:30:00Z,True,14,0,0,0,0,0,0,0,0,0,0,0,0,0,0,0,60,22780,0,0,0.0,0.0,0.0,0.0,0.0,0.0,0,0,0,0,2.2
Vitalii Mykolenko,DEF,Everton,233,3,1,2026-08-22T14:00:00Z,True,8,90,1,6,0,0,1,0,0,0,0,0,0,0,0,27,45,134687,0,0,0.0,0.05,1.96,12.8,13.8,2.0,4,0,4,4,1.7
Antonee Robinson,DEF,Fulham,254,10,1,2026-08-24T19:00:00Z,True,6,81,1,1,0,0,0,3,0,0,0,0,0,0,0,4,45,148513,0,0,0.13,0.04,2.21,21.6,25.2,3.0,4,3,5,7,1.7
Mason Burstow,FWD,Hull City,299,4,1,2026-08-22T11:30:00Z,True,16,0,0,0,0,0,0,0,0,0,0,0,0,0,0,0,45,6401,0,0,0.0,0.0,0.0,0.0,0.0,0.0,0,0,0,0,0.0
Victor Munoz,MID,Liverpool,377,9,1,2026-08-23T15:30:00Z,False,17,27,0,4,0,1,0,0,0,0,0,0,0,0,0,15,65,48042,0,0,0.1,0.04,1.07,4.0,8.9,14.0,0,0,0,0,2.3
Joshua Zirkzee,FWD,Man Utd,440,4,1,2026-08-22T11:30:00Z,False,11,0,0,0,0,0,0,0,0,0,0,0,0,0,0,0,55,56060,0,0,0.0,0.0,0.0,0.0,0.0,0.0,0,0,0,0,1.8
Nicolò Savona,DEF,Nott'm Forest,475,6,1,2026-08-22T14:00:00Z,True,13,0,0,0,0,0,0,0,0,0,0,0,0,0,0,0,45,209,0,0,0.0,0.0,0.0,0.0,0.0,0.0,0,0,0,0,0.0
Christian Walton,GK,Ipswich Town,300,5,1,2026-08-22T14:00:00Z,True,20,0,0,0,0,0,0,0,0,0,0,0,0,0,0,0,45,47085,0,0,0.0,0.0,0.0,0.0,0.0,0.0,0,0,0,0,1.9
Harry Wilson,MID,Leeds,260,6,1,2026-08-22T14:00:00Z,False,18,65,1,3,0,0,1,0,0,0,0,0,0,0,0,8,65,577649,0,0,0.0,0.02,0.53,6.2,15.3,4.0,0,2,0,2,2.3
Jack Taylor,MID,Ipswich Town,312,5,1,2026-08-22T14:00:00Z,True,20,0,0,0,0,0,0,0,0,0,0,0,0,0,0,0,45,4505,0,0,0.0,0.0,0.0,0.0,0.0,0.0,0,0,0,0,0.0
Marcus Tavernier,MID,Bournemouth,68,8,1,2026-08-23T13:00:00Z,False,15,90,1,10,1,0,0,2,0,0,0,0,0,0,3,32,60,139421,0,0,0.4,0.08,2.25,40.0,17.2,18.0,2,2,4,8,2.2
David Akintola,MID,Hull City,296,4,1,2026-08-22T11:30:00Z,True,16,0,0,0,0,0,0,0,0,0,0,0,0,0,0,0,50,3400,0,0,0.0,0.0,0.0,0.0,0.0,0.0,0,0,0,0,1.5
Walter Benítez,GK,Crystal Palace,199,3,1,2026-08-22T14:00:00Z,False,9,0,0,0,0,0,0,0,0,0,0,0,0,0,0,0,45,10987,0,0,0.0,0.0,0.0,0.0,0.0,0.0,0,0,0,0,1.9
Aaron Anselmino,DEF,Chelsea,561,10,1,2026-08-24T19:00:00Z,False,10,0,0,0,0,0,0,0,0,0,0,0,0,0,0,0,45,1770,0,0,0.0,0.0,0.0,0.0,0.0,0.0,0,0,0,0,1.7
Tarik Muharemović,DEF,Leeds,334,6,1,2026-08-22T14:00:00Z,False,18,90,1,6,0,0,1,0,0,0,0,0,0,0,0,25,50,306283,0,0,0.09,0.0,0.66,15.6,0.6,17.0,7,0,1,7,2.2
Antonín Kinský,GK,Spurs,496,2,1,2026-08-22T16:30:00Z,False,4,90,1,2,0,0,0,3,0,0,0,0,0,5,0,15,45,2208330,0,0,0.0,0.0,3.87,43.6,0.0,0.0,4,0,12,0,1.9
Gerónimo Rulli,GK,Man City,587,8,1,2026-08-23T13:00:00Z,True,3,0,0,0,0,0,0,0,0,0,0,0,0,0,0,0,50,1589,0,0,0.0,0.0,0.0,0.0,0.0,0.0,0,0,0,0,2.6
Anthony Elanga,MID,Newcastle,454,9,1,2026-08-23T15:30:00Z,True,14,75,1,9,1,0,0,1,0,0,0,0,0,0,2,31,60,64591,0,0,0.22,0.01,1.94,37.4,3.5,28.0,1,0,1,2,2.2
Justin Kluivert,MID,Bournemouth,70,8,1,2026-08-23T13:00:00Z,False,15,74,1,3,0,0,1,0,0,0,0,0,0,0,0,15,60,96045,0,0,0.11,0.0,1.94,11.0,14.3,17.0,1,3,5,9,2.2
Ross Barkley,MID,Aston Villa,46,7,1,2026-08-23T13:00:00Z,False,5,73,1,2,0,0,0,4,0,0,0,0,0,0,0,11,50,20508,0,0,0.1,0.02,3.55,9.4,21.4,7.0,1,0,0,1,1.5
Mitoma Kaoru,MID,Brighton,121,7,1,2026-08-23T13:00:00Z,True,2,0,0,0,0,0,0,0,0,0,0,0,0,0,0,0,60,4360,0,0,0.0,0.0,0.0,0.0,0.0,0.0,0,0,0,0,0.0
Felipe Rodrigues da Silva,DEF,Nott'm Forest,470,6,1,2026-08-22T14:00:00Z,True,13,0,0,0,0,0,0,0,0,0,0,0,0,0,0,0,50,4345,0,0,0.0,0.0,0.0,0.0,0.0,0.0,0,0,0,0,2.2
Ben Davies,DEF,Spurs,508,2,1,2026-08-22T16:30:00Z,False,4,0,0,0,0,0,0,0,0,0,0,0,0,0,0,0,40,99420,0,0,0.0,0.0,0.0,0.0,0.0,0.0,0,0,0,0,1.0
Axel Disasi,DEF,Chelsea,153,10,1,2026-08-24T19:00:00Z,False,10,0,0,0,0,0,0,0,0,0,0,0,0,0,0,0,45,5243,0,0,0.0,0.0,0.0,0.0,0.0,0.0,0,0,0,0,1.7
Jack Harrison,MID,Leeds,342,6,1,2026-08-22T14:00:00Z,False,18,0,0,0,0,0,0,0,0,0,0,0,0,0,0,0,50,135,0,0,0.0,0.0,0.0,0.0,0.0,0.0,0,0,0,0,0.0
Kjell Scherpen,GK,Ipswich Town,564,5,1,2026-08-22T14:00:00Z,True,20,90,1,2,0,0,0,1,0,0,0,0,0,2,0,12,45,57252,0,0,0.0,0.0,0.66,14.4,0.0,0.0,1,0,10,0,1.9
Jeremy Jacquet,DEF,Liverpool,362,9,1,2026-08-23T15:30:00Z,False,17,69,1,1,0,0,0,2,0,0,0,0,0,0,0,9,50,205604,0,0,0.0,0.02,1.04,12.4,11.9,0.0,2,1,3,3,2.2
Lewis Koumas,MID,Liverpool,381,9,1,2026-08-23T15:30:00Z,False,17,12,0,1,0,0,0,0,0,0,0,0,0,0,0,4,50,1626,0,0,0.03,0.0,0.48,1.2,0.5,7.0,0,0,1,1,1.5
Joao Gomes,MID,Aston Villa,54,7,1,2026-08-23T13:00:00Z,False,5,39,1,-2,0,0,0,4,0,0,0,0,1,0,0,-2,55,6573,0,0,0.0,0.01,2.58,1.0,11.0,0.0,1,4,2,7,0.0
Benjamin Sesko,FWD,Man Utd,439,4,1,2026-08-22T11:30:00Z,False,11,23,0,1,0,0,0,0,0,0,0,0,0,0,0,2,70,114788,0,0,0.04,0.0,0.07,0.0,0.5,9.0,0,0,0,0,1.7
Kaye Furo,FWD,Brentford,107,2,1,2026-08-22T16:30:00Z,True,19,0,0,0,0,0,0,0,0,0,0,0,0,0,0,0,45,78000,0,0,0.0,0.0,0.0,0.0,0.0,0.0,0,0,0,0,1.0
Kiernan Dewsbury-Hall,MID,Everton,236,3,1,2026-08-22T14:00:00Z,True,8,90,1,11,1,0,1,0,0,0,0,0,0,0,3,40,65,288693,0,0,0.12,0.17,1.92,42.8,28.3,27.0,1,2,5,8,2.3
Chiedozie Ogbene,MID,Ipswich Town,314,5,1,2026-08-22T14:00:00Z,True,20,0,0,0,0,0,0,0,0,0,0,0,0,0,0,0,50,1539,0,0,0.0,0.0,0.0,0.0,0.0,0.0,0,0,0,0,1.5
Olivier Boscagli,DEF,Brighton,114,7,1,2026-08-23T13:00:00Z,True,2,90,1,6,0,0,1,0,0,0,0,0,0,0,0,29,45,19109,0,0,0.0,0.04,0.29,15.2,7.3,6.0,5,1,4,6,1.7
Jayden Danns,FWD,Liverpool,382,9,1,2026-08-23T15:30:00Z,False,17,0,0,0,0,0,0,0,0,0,0,0,0,0,0,0,45,3221,0,0,0.0,0.0,0.0,0.0,0.0,0.0,0,0,0,0,0.0
Christos Tzolis,MID,Arsenal,557,1,1,2026-08-21T19:00:00Z,True,7,75,1,6,0,1,1,0,0,0,0,0,0,0,0,30,65,2247384,0,0,0.19,0.14,0.06,17.0,39.8,30.0,2,1,3,6,2.3
João Pedro Junqueira de Jesus,FWD,Chelsea,165,10,1,2026-08-24T19:00:00Z,False,10,90,1,11,1,1,0,2,0,0,0,0,0,0,2,45,75,5764207,0,0,0.63,0.06,1.33,51.2,23.0,37.0,1,0,2,3,2.4
Reinildo Mandava,DEF,Sunderland,536,5,1,2026-08-22T14:00:00Z,False,12,90,1,1,0,0,0,2,0,0,0,0,0,0,0,9,45,43515,0,0,0.0,0.29,1.8,23.0,27.5,4.0,5,3,5,8,1.7
Hidemasa Morita,MID,Hull City,563,4,1,2026-08-22T11:30:00Z,True,16,0,0,0,0,0,0,0,0,0,0,0,0,0,0,0,50,2175,0,0,0.0,0.0,0.0,0.0,0.0,0.0,0,0,0,0,0.8
Sean Steur,MID,Newcastle,462,9,1,2026-08-23T15:30:00Z,True,14,55,1,1,0,0,0,1,0,0,0,0,0,0,0,3,50,9830,0,0,0.0,0.0,1.48,0.4,1.2,0.0,0,0,2,2,1.5
Noah Okafor,MID,Leeds,336,6,1,2026-08-22T14:00:00Z,False,18,24,0,1,0,0,0,0,0,0,0,0,0,0,0,10,60,45369,0,0,0.0,0.16,0.13,10.0,14.0,4.0,1,2,2,5,2.2
Nico Elvedi,DEF,Leeds,598,6,1,2026-08-22T14:00:00Z,False,18,0,0,0,0,0,0,0,0,0,0,0,0,0,0,0,45,1842,0,0,0.0,0.0,0.0,0.0,0.0,0.0,0,0,0,0,1.7
Nathan Collins,DEF,Brentford,84,2,1,2026-08-22T16:30:00Z,True,19,90,1,6,0,0,1,0,0,0,0,0,0,0,0,21,55,156847,0,0,0.34,0.04,0.57,11.6,21.5,17.0,3,0,3,3,2.5
David Raya Martín,GK,Arsenal,1,1,1,2026-08-21T19:00:00Z,True,7,90,1,6,0,0,1,0,0,0,0,0,0,1,0,24,60,3347153,0,0,0.0,0.0,0.2,11.8,0.0,0.0,1,0,8,0,4.0
Adam Smith,DEF,Bournemouth,64,8,1,2026-08-23T13:00:00Z,False,15,90,1,1,0,0,0,2,0,0,0,0,0,0,0,4,45,8561,0,0,0.0,0.0,2.25,7.0,0.6,0.0,4,1,3,5,1.7
Arthur Masuaku,DEF,Sunderland,540,5,1,2026-08-22T14:00:00Z,False,12,0,0,0,0,0,0,0,0,0,0,0,0,0,0,0,40,25578,0,0,0.0,0.0,0.0,0.0,0.0,0.0,0,0,0,0,0.0
Mohamed Belloumi,MID,Hull City,286,4,1,2026-08-22T11:30:00Z,True,16,90,1,3,0,0,1,0,0,0,0,0,0,0,0,8,50,40446,0,0,0.05,0.03,1.83,10.6,2.2,7.0,3,4,3,10,1.5
Sam Szmodics,MID,Ipswich Town,319,5,1,2026-08-22T14:00:00Z,True,20,0,0,0,0,0,0,0,0,0,0,0,0,0,0,0,50,1030,0,0,0.0,0.0,0.0,0.0,0.0,0.0,0,0,0,0,0.0
Dwight McNeil,MID,Crystal Palace,241,3,1,2026-08-22T14:00:00Z,False,9,62,1,2,0,0,0,2,0,0,0,0,0,0,0,11,55,15735,0,0,0.05,0.02,0.98,9.6,4.7,2.0,3,0,2,5,2.0
Nobel Mendy,DEF,Hull City,586,4,1,2026-08-22T11:30:00Z,True,16,63,1,15,1,0,1,0,0,0,0,0,0,0,1,35,40,92688,0,0,0.28,0.0,0.86,51.8,0.6,33.0,13,0,2,13,1.0
Harry Maguire,DEF,Man Utd,418,4,1,2026-08-22T11:30:00Z,False,11,90,1,1,0,0,0,2,0,0,0,0,0,0,0,15,50,1650905,0,0,0.04,0.4,1.01,25.4,28.6,19.0,4,0,5,4,2.2
Dean Henderson,GK,Crystal Palace,198,3,1,2026-08-22T14:00:00Z,False,9,90,1,2,0,0,0,2,0,0,0,0,0,3,0,14,50,171144,0,0,0.0,0.0,1.12,28.2,0.0,0.0,3,0,13,0,2.0
David Brooks,MID,Bournemouth,74,8,1,2026-08-23T13:00:00Z,False,15,0,0,0,0,0,0,0,0,0,0,0,0,0,0,0,50,4610,0,0,0.0,0.0,0.0,0.0,0.0,0.0,0,0,0,0,1.1
João Victor de Souza Menezes,DEF,Spurs,511,2,1,2026-08-22T16:30:00Z,False,4,0,0,0,0,0,0,0,0,0,0,0,0,0,0,0,40,27254,0,0,0.0,0.0,0.0,0.0,0.0,0.0,0,0,0,0,1.0
Matty Cash,DEF,Aston Villa,32,7,1,2026-08-23T13:00:00Z,False,5,90,1,-1,0,0,0,4,0,0,0,1,0,0,0,-8,45,789072,0,0,0.0,0.0,3.77,12.0,1.1,0.0,5,2,0,7,1.7
Marcus Bettinelli,GK,Man City,386,8,1,2026-08-23T13:00:00Z,True,3,0,0,0,0,0,0,0,0,0,0,0,0,0,0,0,45,2479,0,0,0.0,0.0,0.0,0.0,0.0,0.0,0,0,0,0,1.9
Amar Dedic,DEF,Newcastle,593,9,1,2026-08-23T15:30:00Z,True,14,90,1,1,0,0,0,2,0,0,0,0,0,0,0,-1,45,20712,0,0,0.03,0.0,2.98,16.4,1.2,5.0,7,2,2,9,1.7
Youri Tielemans,MID,Man Utd,43,4,1,2026-08-22T11:30:00Z,False,11,66,1,2,0,0,0,2,0,0,0,0,0,0,0,13,60,224637,0,0,0.04,0.11,0.94,5.0,11.3,4.0,0,0,5,5,2.2
Rio Ngumoha,MID,Liverpool,369,9,1,2026-08-23T15:30:00Z,False,17,62,1,2,0,0,0,2,0,0,0,0,0,0,0,9,60,104767,0,0,0.04,0.02,0.51,2.4,6.0,5.0,0,1,2,3,2.2
Bendito Mantato,MID,Man Utd,437,4,1,2026-08-22T11:30:00Z,False,11,0,0,0,0,0,0,0,0,0,0,0,0,0,0,0,45,16079,0,0,0.0,0.0,0.0,0.0,0.0,0.0,0,0,0,0,1.0
Jordan Pickford,GK,Everton,226,3,1,2026-08-22T14:00:00Z,True,8,90,1,7,0,0,1,0,0,0,0,0,0,4,0,34,55,698199,0,0,0.0,0.02,1.96,31.8,0.0,0.0,0,0,12,0,3.3
Liam Millar,MID,Hull City,287,4,1,2026-08-22T11:30:00Z,True,16,19,0,0,0,0,0,0,0,0,0,1,0,0,0,2,50,6086,0,0,0.0,0.0,0.67,2.0,0.3,2.0,1,1,1,3,1.5
Mateo Kovačić,MID,Man City,406,8,1,2026-08-23T13:00:00Z,True,3,27,0,1,0,0,0,0,0,0,0,0,0,0,0,3,55,6303,0,0,0.0,0.01,0.1,2.2,2.1,0.0,0,0,2,2,2.0
Kosta Nedeljkovic,DEF,Aston Villa,39,7,1,2026-08-23T13:00:00Z,False,5,0,0,0,0,0,0,0,0,0,0,0,0,0,0,0,40,29043,0,0,0.0,0.0,0.0,0.0,0.0,0.0,0,0,0,0,0.0
Michael Svoboda,DEF,Brighton,120,7,1,2026-08-23T13:00:00Z,True,2,0,0,0,0,0,0,0,0,0,0,0,0,0,0,0,50,3997,0,0,0.0,0.0,0.0,0.0,0.0,0.0,0,0,0,0,2.2
Kevin Santos Lopes de Macedo,MID,Fulham,263,10,1,2026-08-24T19:00:00Z,True,6,17,0,1,0,0,0,0,0,0,0,0,0,0,0,2,55,5144,0,0,0.0,0.01,0.03,5.2,1.9,0.0,0,2,1,3,2.0
Nico González Iglesias,MID,Man City,405,8,1,2026-08-23T13:00:00Z,True,3,0,0,0,0,0,0,0,0,0,0,0,0,0,0,0,55,11878,0,0,0.0,0.0,0.0,0.0,0.0,0.0,0,0,0,0,2.0
Richarlison de Andrade,FWD,Spurs,527,2,1,2026-08-22T16:30:00Z,False,4,67,1,2,0,0,0,3,0,0,0,0,0,0,0,6,60,283639,0,0,0.0,0.0,3.02,0.0,2.2,0.0,1,0,0,1,2.0
Daniel Muñoz Mejía,DEF,Crystal Palace,201,3,1,2026-08-22T14:00:00Z,False,9,54,1,0,0,0,0,2,0,0,0,0,0,0,0,-4,55,873015,0,0,0.23,0.01,0.84,1.2,1.8,21.0,3,1,1,4,2.5
Benoît Badiashile Mukinayi,DEF,Chelsea,146,10,1,2026-08-24T19:00:00Z,False,10,0,0,0,0,0,0,0,0,0,0,0,0,0,0,0,45,2313,0,0,0.0,0.0,0.0,0.0,0.0,0.0,0,0,0,0,1.7
Matheus França de Oliveira,MID,Crystal Palace,217,3,1,2026-08-22T14:00:00Z,False,9,0,0,0,0,0,0,0,0,0,0,0,0,0,0,0,50,3157,0,0,0.0,0.0,0.0,0.0,0.0,0.0,0,0,0,0,1.5
Riccardo Calafiori,DEF,Arsenal,8,1,1,2026-08-21T19:00:00Z,True,7,80,1,9,0,1,1,0,0,0,0,0,0,0,0,31,55,3542684,0,0,0.04,0.09,0.06,26.0,12.2,4.0,4,1,1,5,2.6
Vitezslav Jaros,GK,Liverpool,354,9,1,2026-08-23T15:30:00Z,False,17,0,0,0,0,0,0,0,0,0,0,0,0,0,0,0,40,1351,0,0,0.0,0.0,0.0,0.0,0.0,0.0,0,0,0,0,0.0
James Trafford,GK,Leeds,385,6,1,2026-08-22T14:00:00Z,False,18,90,1,9,0,0,1,0,0,0,0,0,0,3,2,28,50,265439,0,0,0.0,0.0,0.66,19.4,0.0,0.0,0,0,9,0,2.6
Emersonn Correia da Silva,FWD,Ipswich Town,316,5,1,2026-08-22T14:00:00Z,True,20,65,1,9,1,0,0,1,0,0,0,0,0,0,3,41,55,33590,0,0,0.82,0.06,0.63,45.6,26.3,40.0,1,1,1,3,1.8
Neco Williams,DEF,Nott'm Forest,469,6,1,2026-08-22T14:00:00Z,True,13,90,1,2,0,0,0,1,0,0,0,0,0,0,0,13,50,924685,0,0,0.0,0.02,0.47,15.2,5.8,6.0,3,3,10,6,2.2
Bafodé Diakité,DEF,Bournemouth,62,8,1,2026-08-23T13:00:00Z,False,15,0,0,0,0,0,0,0,0,0,0,0,0,0,0,0,50,15573,0,0,0.0,0.0,0.0,0.0,0.0,0.0,0,0,0,0,2.2
Marco Palestra,DEF,Chelsea,152,10,1,2026-08-24T19:00:00Z,False,10,0,0,0,0,0,0,0,0,0,0,0,0,0,0,0,55,263643,0,0,0.0,0.0,0.0,0.0,0.0,0.0,0,0,0,0,2.5
Victor Lindelöf,DEF,Aston Villa,37,7,1,2026-08-23T13:00:00Z,False,5,90,1,-2,0,0,0,4,1,0,0,0,0,0,0,-13,45,24630,0,0,0.0,0.0,3.77,1.8,0.1,0.0,3,0,1,3,1.7
Trai Hume,DEF,Sunderland,534,5,1,2026-08-22T14:00:00Z,False,12,79,1,2,0,0,0,1,0,0,0,0,0,0,0,14,45,641436,0,0,0.04,0.27,1.69,9.4,39.4,13.0,1,3,6,4,1.7
Brandon Thomas-Asante,FWD,Coventry City,194,1,1,2026-08-21T19:00:00Z,False,1,69,1,2,0,0,0,3,0,0,0,0,0,0,0,9,50,66198,0,0,0.0,0.02,1.6,4.6,1.1,0.0,5,0,1,6,1.4
Emile Smith Rowe,MID,Fulham,262,10,1,2026-08-24T19:00:00Z,True,6,0,0,0,0,0,0,0,0,0,0,0,0,0,0,0,55,35036,0,0,0.0,0.0,0.0,0.0,0.0,0.0,0,0,0,0,2.0
Loum Tchaouna,MID,Coventry City,190,1,1,2026-08-21T19:00:00Z,False,1,81,1,2,0,0,0,3,0,0,0,0,0,0,0,11,55,12321,0,0,0.04,0.02,1.76,1.8,6.0,3.0,3,0,5,8,2.0
Dominic Calvert-Lewin,FWD,Leeds,346,6,1,2026-08-22T14:00:00Z,False,18,90,1,1,0,0,1,0,0,0,0,1,0,0,0,-2,60,2823371,0,0,0.13,0.0,0.66,0.0,0.8,11.0,0,0,2,2,2.0
Ibrahim Sangaré,MID,Nott'm Forest,488,6,1,2026-08-22T14:00:00Z,True,13,90,1,2,0,0,0,1,0,0,0,0,0,0,0,10,50,100536,0,0,0.03,0.01,0.47,17.8,13.0,3.0,3,0,3,6,1.5
Jurriën Timber,DEF,Arsenal,5,1,1,2026-08-21T19:00:00Z,True,7,0,0,0,0,0,0,0,0,0,0,0,0,0,0,0,65,11200,0,0,0.0,0.0,0.0,0.0,0.0,0.0,0,0,0,0,0.0
Jack Rudoni,MID,Coventry City,183,1,1,2026-08-21T19:00:00Z,False,1,20,0,1,0,0,0,0,0,0,0,0,0,0,0,3,50,13002,0,0,0.15,0.0,0.29,5.6,3.8,17.0,0,1,4,5,1.5
Fabian Schär,DEF,Newcastle,446,9,1,2026-08-23T15:30:00Z,True,14,1,0,1,0,0,0,1,0,0,0,0,0,0,0,-1,50,20496,0,0,0.0,0.0,0.79,0.0,0.0,0.0,0,0,0,0,2.2
Mike Penders,GK,Chelsea,560,10,1,2026-08-24T19:00:00Z,False,10,0,0,0,0,0,0,0,0,0,0,0,0,0,0,0,45,6087,0,0,0.0,0.0,0.0,0.0,0.0,0.0,0,0,0,0,1.9
Michael Keane,DEF,Everton,231,3,1,2026-08-22T14:00:00Z,True,8,0,0,0,0,0,0,0,0,0,0,0,0,0,0,0,50,151116,0,0,0.0,0.0,0.0,0.0,0.0,0.0,0,0,0,0,2.2
Leny Yoro,DEF,Man Utd,420,4,1,2026-08-22T11:30:00Z,False,11,0,0,0,0,0,0,0,0,0,0,0,0,0,0,0,50,62047,0,0,0.0,0.0,0.0,0.0,0.0,0.0,0,0,0,0,2.2
Anton Stach,MID,Leeds,335,6,1,2026-08-22T14:00:00Z,False,18,90,1,13,1,0,1,0,0,0,0,0,0,0,3,37,60,80326,0,0,0.1,0.05,0.66,47.8,2.3,16.0,8,3,5,16,2.2
Luca Williams-Barnett,MID,Spurs,601,2,1,2026-08-22T16:30:00Z,False,4,0,0,0,0,0,0,0,0,0,0,0,0,0,0,0,45,0,0,0,0.0,0.0,0.0,0.0,0.0,0.0,0,0,0,0,1.0
Semi Ajayi,DEF,Hull City,279,4,1,2026-08-22T11:30:00Z,True,16,63,1,14,1,0,1,0,0,0,0,0,0,0,2,39,40,83256,0,0,0.52,0.0,0.86,44.2,0.2,35.0,7,0,3,7,1.0
Luke Shaw,DEF,Man Utd,423,4,1,2026-08-22T11:30:00Z,False,11,90,1,1,0,0,0,2,0,0,0,0,0,0,0,13,45,1947696,0,0,0.0,0.26,1.01,25.2,59.2,6.0,3,1,3,4,1.7
Jamie Bynoe-Gittens,MID,Chelsea,158,10,1,2026-08-24T19:00:00Z,False,10,0,0,0,0,0,0,0,0,0,0,0,0,0,0,0,60,3231,0,0,0.0,0.0,0.0,0.0,0.0,0.0,0,0,0,0,2.2
Ephron Mason-Clark,MID,Coventry City,186,1,1,2026-08-21T19:00:00Z,False,1,0,0,0,0,0,0,0,0,0,0,0,0,0,0,0,55,11314,0,0,0.0,0.0,0.0,0.0,0.0,0.0,0,0,0,0,2.0
Malick Yalcouyé,MID,Brighton,605,7,1,2026-08-23T13:00:00Z,True,2,4,0,1,0,0,0,0,0,0,0,0,0,0,0,3,45,0,0,0,0.0,0.01,0.0,0.6,2.7,0.0,0,0,0,0,1.0
Jan Paul van Hecke,DEF,Spurs,112,2,1,2026-08-22T16:30:00Z,False,4,90,1,1,0,0,0,3,0,0,0,0,0,0,0,3,50,955905,0,0,0.0,0.03,3.87,28.2,2.8,2.0,7,2,3,9,2.2
Darnell Furlong,DEF,Ipswich Town,308,5,1,2026-08-22T14:00:00Z,True,20,0,0,0,0,0,0,0,0,0,0,0,0,0,0,0,40,56130,0,0,0.0,0.0,0.0,0.0,0.0,0.0,0,0,0,0,1.0
Harry Amass,DEF,Man Utd,424,4,1,2026-08-22T11:30:00Z,False,11,0,0,0,0,0,0,0,0,0,0,0,0,0,0,0,40,18310,0,0,0.0,0.0,0.0,0.0,0.0,0.0,0,0,0,0,1.0
James McConnell,MID,Liverpool,378,9,1,2026-08-23T15:30:00Z,False,17,0,0,0,0,0,0,0,0,0,0,0,0,0,0,0,45,24189,0,0,0.0,0.0,0.0,0.0,0.0,0.0,0,0,0,0,1.0
Ollie Watkins,FWD,Aston Villa,55,7,1,2026-08-23T13:00:00Z,False,5,0,0,0,0,0,0,0,0,0,0,0,0,0,0,0,80,898121,0,0,0.0,0.0,0.0,0.0,0.0,0.0,0,0,0,0,2.4
Jack Fletcher,MID,Man Utd,434,4,1,2026-08-22T11:30:00Z,False,11,0,0,0,0,0,0,0,0,0,0,0,0,0,0,0,50,1008,0,0,0.0,0.0,0.0,0.0,0.0,0.0,0,0,0,0,1.5
Mathys Tel,MID,Spurs,514,2,1,2026-08-22T16:30:00Z,False,4,90,1,2,0,0,0,3,0,0,0,0,0,0,0,17,60,50995,0,0,0.06,0.06,3.87,10.4,26.0,9.0,1,0,7,8,2.2
Diogo Dalot Teixeira,DEF,Man Utd,417,4,1,2026-08-22T11:30:00Z,False,11,10,0,1,0,0,0,0,0,0,0,0,0,0,0,6,50,246316,0,0,0.0,0.0,0.0,7.6,11.3,0.0,1,2,1,3,2.2
Brenden Aaronson,MID,Leeds,337,6,1,2026-08-22T14:00:00Z,False,18,81,1,3,0,0,1,0,0,0,0,0,0,0,0,16,55,87156,0,0,0.01,0.01,0.58,8.0,1.1,7.0,0,1,6,7,2.0
Azor Matusiwa,MID,Ipswich Town,310,5,1,2026-08-22T14:00:00Z,True,20,0,0,0,0,0,0,0,0,0,0,0,0,0,0,0,50,430,0,0,0.0,0.0,0.0,0.0,0.0,0.0,0,0,0,0,0.0
Issa Diop,DEF,Ipswich Town,259,5,1,2026-08-22T14:00:00Z,True,20,90,1,2,0,0,0,1,0,0,0,0,0,0,0,7,40,1668644,0,0,0.0,0.01,0.66,7.2,0.8,2.0,4,1,6,5,1.0
Jean-Philippe Mateta,FWD,Crystal Palace,223,3,1,2026-08-22T14:00:00Z,False,9,62,1,2,0,0,0,2,0,0,0,0,0,0,0,-3,65,504100,0,0,0.7,0.02,0.98,1.4,12.3,11.0,1,2,2,5,2.1
Eddie Nketiah,FWD,Crystal Palace,224,3,1,2026-08-22T14:00:00Z,False,9,55,1,1,0,0,0,2,0,0,0,0,0,0,0,12,55,43148,0,0,0.6,0.58,0.84,10.4,24.5,23.0,1,1,1,3,1.8
Jorge Cuenca Barreno,DEF,Fulham,255,10,1,2026-08-24T19:00:00Z,True,6,90,1,3,0,0,0,3,0,0,0,0,0,0,0,7,45,1787,0,0,0.0,0.03,2.24,32.8,21.3,0.0,9,1,3,10,1.7
Jesurun Rak-Sakyi,MID,Crystal Palace,219,3,1,2026-08-22T14:00:00Z,False,9,0,0,0,0,0,0,0,0,0,0,0,0,0,0,0,50,550,0,0,0.0,0.0,0.0,0.0,0.0,0.0,0,0,0,0,1.5
Bryan Mbeumo,MID,Man Utd,427,4,1,2026-08-22T11:30:00Z,False,11,90,1,2,0,0,0,2,0,0,0,0,0,0,0,12,80,3492739,0,0,0.5,0.23,1.01,9.6,28.1,49.0,0,0,4,4,2.8
Veljko Milosavljevic,DEF,Bournemouth,63,8,1,2026-08-23T13:00:00Z,False,15,0,0,0,0,0,0,0,0,0,0,0,0,0,0,0,50,1122,0,0,0.0,0.0,0.0,0.0,0.0,0.0,0,0,0,0,0.0
Jake O'Brien,DEF,Everton,232,3,1,2026-08-22T14:00:00Z,True,8,0,0,0,0,0,0,0,0,0,0,0,0,0,0,0,50,44689,0,0,0.0,0.0,0.0,0.0,0.0,0.0,0,0,0,0,2.2
Jahnoah Markelo,FWD,Coventry City,196,1,1,2026-08-21T19:00:00Z,False,1,0,0,0,0,0,0,0,0,0,0,0,0,0,0,0,50,1827,0,0,0.0,0.0,0.0,0.0,0.0,0.0,0,0,0,0,0.0
Luc De Fougerolles,DEF,Fulham,610,10,1,2026-08-24T19:00:00Z,True,6,0,0,0,0,0,0,0,0,0,0,0,0,0,0,0,40,0,0,0,0.0,0.0,0.0,0.0,0.0,0.0,0,0,0,0,1.0
Dan Burn,DEF,Newcastle,448,9,1,2026-08-23T15:30:00Z,True,14,0,0,0,0,0,0,0,0,0,0,0,0,0,0,0,50,213973,0,0,0.0,0.0,0.0,0.0,0.0,0.0,0,0,0,0,2.2
George Hirst,FWD,Ipswich Town,317,5,1,2026-08-22T14:00:00Z,True,20,0,0,0,0,0,0,0,0,0,0,0,0,0,0,0,50,25160,0,0,0.0,0.0,0.0,0.0,0.0,0.0,0,0,0,0,0.0
Josh Eccles,MID,Coventry City,187,1,1,2026-08-21T19:00:00Z,False,1,0,0,0,0,0,0,0,0,0,0,0,0,0,0,0,50,1503,0,0,0.0,0.0,0.0,0.0,0.0,0.0,0,0,0,0,1.5
Chuba Akpom,FWD,Ipswich Town,320,5,1,2026-08-22T14:00:00Z,True,20,24,0,1,0,0,0,0,0,0,0,0,0,0,0,3,50,47871,0,0,0.0,0.0,0.03,1.4,0.0,2.0,0,1,2,3,1.4
Joe Gomez,DEF,Liverpool,359,9,1,2026-08-23T15:30:00Z,False,17,0,0,0,0,0,0,0,0,0,0,0,0,0,0,0,50,1714,0,0,0.0,0.0,0.0,0.0,0.0,0.0,0,0,0,0,0.0
Harry Howell,MID,Brighton,132,7,1,2026-08-23T13:00:00Z,True,2,0,0,0,0,0,0,0,0,0,0,0,0,0,0,0,45,6770,0,0,0.0,0.0,0.0,0.0,0.0,0.0,0,0,0,0,0.0
Konstantinos Tzolakis,GK,Hull City,572,4,1,2026-08-22T11:30:00Z,True,16,90,1,10,0,0,1,0,0,0,0,0,0,5,3,41,45,48305,0,0,0.0,0.0,1.83,34.6,0.0,0.0,0,0,22,0,1.9
Omar Marmoush,FWD,Man City,401,8,1,2026-08-23T13:00:00Z,True,3,0,0,0,0,0,0,0,0,0,0,0,0,0,0,0,70,80421,0,0,0.0,0.0,0.0,0.0,0.0,0.0,0,0,0,0,2.2
Ibrahim Osman,MID,Brighton,600,7,1,2026-08-23T13:00:00Z,True,2,12,0,1,0,0,0,0,0,0,0,0,0,0,0,7,50,633,0,0,0.0,0.05,0.0,4.2,15.4,4.0,0,0,2,2,1.5
Dane Scarlett,FWD,Spurs,528,2,1,2026-08-22T16:30:00Z,False,4,0,0,0,0,0,0,0,0,0,0,0,0,0,0,0,45,149807,0,0,0.0,0.0,0.0,0.0,0.0,0.0,0,0,0,0,1.0
Trey Nyoni,MID,Liverpool,375,9,1,2026-08-23T15:30:00Z,False,17,0,0,0,0,0,0,0,0,0,0,0,0,0,0,0,50,3729,0,0,0.0,0.0,0.0,0.0,0.0,0.0,0,0,0,0,1.5
Eliot Matazo,MID,Hull City,291,4,1,2026-08-22T11:30:00Z,True,16,0,0,0,0,0,0,0,0,0,0,0,0,0,0,0,45,600,0,0,0.0,0.0,0.0,0.0,0.0,0.0,0,0,0,0,0.0
Lisandro Martínez,DEF,Man Utd,419,4,1,2026-08-22T11:30:00Z,False,11,0,0,0,0,0,0,0,0,0,0,0,0,0,0,0,50,115360,0,0,0.0,0.0,0.0,0.0,0.0,0.0,0,0,0,0,2.2
Jefferson Lerma Solís,MID,Crystal Palace,213,3,1,2026-08-22T14:00:00Z,False,9,0,0,0,0,0,0,0,0,0,0,0,0,0,0,0,50,10665,0,0,0.0,0.0,0.0,0.0,0.0,0.0,0,0,0,0,1.5
Emmanuel Emegha,FWD,Chelsea,170,10,1,2026-08-24T19:00:00Z,False,10,0,0,0,0,0,0,0,0,0,0,0,0,0,0,0,50,11724,0,0,0.0,0.0,0.0,0.0,0.0,0.0,0,0,0,0,1.4
Tyler Dibling,MID,Everton,245,3,1,2026-08-22T14:00:00Z,True,8,0,0,0,0,0,0,0,0,0,0,0,0,0,0,0,55,3592,0,0,0.0,0.0,0.0,0.0,0.0,0.0,0,0,0,0,2.0
Igor Jesus Maciel da Cruz,FWD,Nott'm Forest,491,6,1,2026-08-22T14:00:00Z,True,13,90,1,2,0,0,0,1,0,0,0,0,0,0,0,8,60,389784,0,0,0.22,0.02,0.47,5.2,6.8,31.0,2,0,1,3,2.0
Destiny Udogie,DEF,Spurs,506,2,1,2026-08-22T16:30:00Z,False,4,4,0,1,0,0,0,0,0,0,0,0,0,0,0,3,45,43741,0,0,0.0,0.02,0.44,0.0,0.7,0.0,0,0,2,0,1.7
Joel Latibeaudiere,DEF,Coventry City,179,1,1,2026-08-21T19:00:00Z,False,1,0,0,0,0,0,0,0,0,0,0,0,0,0,0,0,40,3977,0,0,0.0,0.0,0.0,0.0,0.0,0.0,0,0,0,0,1.0
Noussair Mazraoui,DEF,Man Utd,422,4,1,2026-08-22T11:30:00Z,False,11,79,1,1,0,0,0,2,0,0,0,0,0,0,0,8,45,56217,0,0,0.22,0.05,1.01,17.4,29.4,9.0,4,1,3,5,1.7
Rayan Cherki,MID,Man City,399,8,1,2026-08-23T13:00:00Z,True,3,27,0,8,0,2,0,0,0,0,0,0,0,0,1,28,75,679336,0,0,0.0,0.5,0.1,39.2,48.8,4.0,0,0,0,0,2.6
John McGinn,MID,Aston Villa,45,7,1,2026-08-23T13:00:00Z,False,5,81,1,1,0,0,0,4,0,0,0,1,0,0,0,8,55,290994,0,0,0.04,0.01,3.62,1.6,2.4,1.0,2,1,3,6,2.0
Jannik Schuster,DEF,Brentford,93,2,1,2026-08-22T16:30:00Z,True,19,0,0,0,0,0,0,0,0,0,0,0,0,0,0,0,45,15125,0,0,0.0,0.0,0.0,0.0,0.0,0.0,0,0,0,0,1.7
Ryan Gravenberch,MID,Liverpool,371,9,1,2026-08-23T15:30:00Z,False,17,77,1,5,0,1,0,2,0,0,0,0,0,0,0,26,60,172067,0,0,0.06,0.05,1.1,24.4,16.0,4.0,2,1,8,11,2.2
Archie Gray,MID,Spurs,522,2,1,2026-08-22T16:30:00Z,False,4,85,1,2,0,0,0,3,0,0,0,0,0,0,0,15,50,19767,0,0,0.0,0.01,3.43,6.2,3.3,0.0,2,1,2,5,1.5
Marc Guéhi,DEF,Man City,388,8,1,2026-08-23T13:00:00Z,True,3,90,1,10,1,0,0,1,0,0,0,0,0,0,2,31,60,1521853,0,0,0.89,0.32,0.65,43.6,17.5,28.0,1,3,4,4,2.8
Mohammed Kudus,MID,Spurs,512,2,1,2026-08-22T16:30:00Z,False,4,0,0,0,0,0,0,0,0,0,0,0,0,0,0,0,65,8272,0,0,0.0,0.0,0.0,0.0,0.0,0.0,0,0,0,0,0.6
Luke Woolfenden,DEF,Coventry City,180,1,1,2026-08-21T19:00:00Z,False,1,0,0,0,0,0,0,0,0,0,0,0,0,0,0,0,40,16501,0,0,0.0,0.0,0.0,0.0,0.0,0.0,0,0,0,0,1.0
Kostas Tsimikas,DEF,Liverpool,364,9,1,2026-08-23T15:30:00Z,False,17,0,0,0,0,0,0,0,0,0,0,0,0,0,0,0,50,6683,0,0,0.0,0.0,0.0,0.0,0.0,0.0,0,0,0,0,2.2
Michael Kayode,DEF,Brentford,88,2,1,2026-08-22T16:30:00Z,True,19,75,1,13,1,0,1,0,0,0,0,0,0,0,1,36,45,282611,0,0,0.5,0.0,0.47,33.8,1.5,46.0,4,0,5,4,1.9
Jack Clarke,MID,Ipswich Town,313,5,1,2026-08-22T14:00:00Z,True,20,19,0,7,1,0,0,0,0,0,0,0,0,0,1,27,55,24135,0,0,0.1,0.0,0.03,33.6,0.6,18.0,0,1,1,2,2.0
Harvey Elliott,MID,Liverpool,383,9,1,2026-08-23T15:30:00Z,False,17,0,0,0,0,0,0,0,0,0,0,0,0,0,0,0,55,6399,0,0,0.0,0.0,0.0,0.0,0.0,0.0,0,0,0,0,2.0
Djed Spence,DEF,Spurs,505,2,1,2026-08-22T16:30:00Z,False,4,0,0,0,0,0,0,0,0,0,0,0,0,0,0,0,45,93085,0,0,0.0,0.0,0.0,0.0,0.0,0.0,0,0,0,0,0.0
Lucas Gourna-Douath,MID,Hull City,589,4,1,2026-08-22T11:30:00Z,True,16,0,0,0,0,0,0,0,0,0,0,0,0,0,0,0,50,2352,0,0,0.0,0.0,0.0,0.0,0.0,0.0,0,0,0,0,1.5
Francisco Evanilson de Lima Barbosa,FWD,Bournemouth,79,8,1,2026-08-23T13:00:00Z,False,15,74,1,4,0,1,1,0,0,0,0,1,0,0,0,17,60,200122,0,0,0.0,0.21,1.94,19.4,11.9,2.0,4,1,3,8,2.0
Zach Abbott,DEF,Nott'm Forest,477,6,1,2026-08-22T14:00:00Z,True,13,0,0,0,0,0,0,0,0,0,0,0,0,0,0,0,40,23851,0,0,0.0,0.0,0.0,0.0,0.0,0.0,0,0,0,0,1.0
Viktor Gyökeres,FWD,Arsenal,25,1,1,2026-08-21T19:00:00Z,True,7,0,0,0,0,0,0,0,0,0,0,0,0,0,0,0,75,816962,0,0,0.0,0.0,0.0,0.0,0.0,0.0,0,0,0,0,2.3
Trevoh Chalobah,DEF,Chelsea,143,10,1,2026-08-24T19:00:00Z,False,10,0,0,0,0,0,0,0,0,0,0,0,0,0,0,0,55,21121,0,0,0.0,0.0,0.0,0.0,0.0,0.0,0,0,0,0,0.0
Abdukodir Khusanov,DEF,Man City,393,8,1,2026-08-23T13:00:00Z,True,3,90,1,2,0,0,0,1,0,0,0,0,0,0,0,14,55,147622,0,0,0.0,0.02,0.65,17.0,3.4,0.0,2,2,6,4,2.5
Stefan Bajčetić Maquieira,MID,Liverpool,376,9,1,2026-08-23T15:30:00Z,False,17,0,0,0,0,0,0,0,0,0,0,0,0,0,0,0,50,157,0,0,0.0,0.0,0.0,0.0,0.0,0.0,0,0,0,0,0.0
Alfie Cresswell,MID,Leeds,604,6,1,2026-08-22T14:00:00Z,False,18,0,0,0,0,0,0,0,0,0,0,0,0,0,0,0,45,0,0,0,0.0,0.0,0.0,0.0,0.0,0.0,0,0,0,0,1.0
Max Alleyne,DEF,Man City,394,8,1,2026-08-23T13:00:00Z,True,3,0,0,0,0,0,0,0,0,0,0,0,0,0,0,0,50,1089,0,0,0.0,0.0,0.0,0.0,0.0,0.0,0,0,0,0,0.0
Gustavo Hamer,MID,Coventry City,584,1,1,2026-08-21T19:00:00Z,False,1,8,0,1,0,0,0,0,0,0,0,0,0,0,0,3,55,12932,0,0,0.0,0.0,0.13,0.4,0.3,0.0,0,0,1,1,2.0
Taiwo Awoniyi,FWD,Coventry City,492,1,1,2026-08-21T19:00:00Z,False,1,20,0,1,0,0,0,0,0,0,0,0,0,0,0,4,55,76129,0,0,0.0,0.0,0.29,0.0,1.4,0.0,0,0,1,1,1.8
Ethan Ampadu,MID,Leeds,338,6,1,2026-08-22T14:00:00Z,False,18,90,1,5,0,0,1,0,0,0,0,0,0,0,0,18,55,132659,0,0,0.0,0.04,0.66,18.6,23.3,0.0,6,2,5,13,2.0
Josh Acheampong,DEF,Chelsea,151,10,1,2026-08-24T19:00:00Z,False,10,90,1,3,0,0,0,2,0,0,0,0,0,0,0,13,45,24066,0,0,0.0,0.01,1.33,33.2,2.2,2.0,10,5,6,15,1.7
Daniel Ballard,DEF,Sunderland,532,5,1,2026-08-22T14:00:00Z,False,12,90,1,0,0,0,0,2,0,0,0,1,0,0,0,4,50,518741,0,0,0.0,0.01,1.8,18.2,1.2,0.0,7,2,0,9,2.2
Florentino Ibrain Morris Luís,MID,Ipswich Town,571,5,1,2026-08-22T14:00:00Z,True,20,0,0,0,0,0,0,0,0,0,0,0,0,0,0,0,50,12850,0,0,0.0,0.0,0.0,0.0,0.0,0.0,0,0,0,0,1.5
Junior Kroupi,MID,Bournemouth,78,8,1,2026-08-23T13:00:00Z,False,15,0,0,0,0,0,0,0,0,0,0,0,0,0,0,0,75,42378,0,0,0.0,0.0,0.0,0.0,0.0,0.0,0,0,0,0,0.0
Harvey Cartwright,GK,Hull City,275,4,1,2026-08-22T11:30:00Z,True,16,0,0,0,0,0,0,0,0,0,0,0,0,0,0,0,40,1022,0,0,0.0,0.0,0.0,0.0,0.0,0.0,0,0,0,0,0.0
Robin Roefs,GK,Sunderland,529,5,1,2026-08-22T14:00:00Z,False,12,90,1,1,0,0,0,2,0,0,0,0,0,1,0,7,50,397315,0,0,0.0,0.0,1.8,15.2,0.0,0.0,1,0,8,0,2.6
Matz Sels,GK,Nott'm Forest,467,6,1,2026-08-22T14:00:00Z,True,13,90,1,2,0,0,0,1,0,0,0,0,0,2,0,11,50,140711,0,0,0.0,0.0,0.47,14.2,0.0,0.0,0,0,9,0,2.6
Cristian Romero,DEF,Spurs,500,2,1,2026-08-22T16:30:00Z,False,4,0,0,0,0,0,0,0,0,0,0,0,0,0,0,0,50,25814,0,0,0.0,0.0,0.0,0.0,0.0,0.0,0,0,0,0,0.0
Virgil van Dijk,DEF,Liverpool,356,9,1,2026-08-23T15:30:00Z,False,17,90,1,2,0,0,0,2,0,0,0,1,0,0,0,8,65,1670280,0,0,0.25,0.01,1.58,25.6,1.6,24.0,9,2,6,11,3.1
Kevin Danso,DEF,Spurs,501,2,1,2026-08-22T16:30:00Z,False,4,0,0,0,0,0,0,0,0,0,0,0,0,0,0,0,50,15516,0,0,0.0,0.0,0.0,0.0,0.0,0.0,0,0,0,0,2.2
Đorđe Petrović,GK,Bournemouth,57,8,1,2026-08-23T13:00:00Z,False,15,90,1,2,0,0,0,2,0,0,0,0,0,4,0,13,45,288326,0,0,0.0,0.0,2.25,36.8,0.0,0.0,2,0,5,0,1.9
Levi Samuels Colwill,DEF,Chelsea,149,10,1,2026-08-24T19:00:00Z,False,10,90,1,0,0,0,0,2,0,0,0,1,0,0,0,6,50,142918,0,0,0.01,0.03,1.33,6.0,1.6,7.0,2,2,3,4,2.2
Daniel James,MID,Leeds,343,6,1,2026-08-22T14:00:00Z,False,18,0,0,0,0,0,0,0,0,0,0,0,0,0,0,0,50,11272,0,0,0.0,0.0,0.0,0.0,0.0,0.0,0,0,0,0,1.5
Jayden Lienou,DEF,Leeds,603,6,1,2026-08-22T14:00:00Z,False,18,0,0,0,0,0,0,0,0,0,0,0,0,0,0,0,40,0,0,0,0.0,0.0,0.0,0.0,0.0,0.0,0,0,0,0,1.0
Nikola Milenković,DEF,Nott'm Forest,471,6,1,2026-08-22T14:00:00Z,True,13,90,1,2,0,0,0,1,0,0,0,0,0,0,0,4,55,173511,0,0,0.11,0.02,0.47,7.6,0.6,14.0,7,0,6,7,2.5
Simon Adingra,MID,Sunderland,546,5,1,2026-08-22T14:00:00Z,False,12,0,0,0,0,0,0,0,0,0,0,0,0,0,0,0,50,9551,0,0,0.0,0.0,0.0,0.0,0.0,0.0,0,0,0,0,0.0
Enzo Le Fée,MID,Sunderland,542,5,1,2026-08-22T14:00:00Z,False,12,79,1,2,0,0,0,1,0,0,0,0,0,0,0,13,60,942702,0,0,0.0,0.03,1.69,4.6,9.9,0.0,0,1,1,2,2.2
Wesley Fofana,DEF,Chelsea,145,10,1,2026-08-24T19:00:00Z,False,10,0,0,0,0,0,0,0,0,0,0,0,0,0,0,0,50,1057,0,0,0.0,0.0,0.0,0.0,0.0,0.0,0,0,0,0,0.0
Malick Thiaw,DEF,Newcastle,445,9,1,2026-08-23T15:30:00Z,True,14,90,1,3,0,0,0,2,0,0,0,0,0,0,0,0,50,146838,0,0,0.0,0.0,2.98,37.8,0.2,0.0,15,0,2,15,2.2
