id,code,element_type,team,team_code,web_name,first_name,second_name,now_cost,status,news,news_added,chance_of_playing_next_round,selected_by_percent,form,penalties_order,direct_freekicks_order,corners_and_indirect_freekicks_order
1,438098,3,1,3,Fábio Vieira,Fábio,Ferreira Vieira,54,u,Has joined Portuguese side FC Porto on loan for the 2024/25 season,2024-08-29T11:06:25.241953Z,0.0,0.0,0.0,,,
2,205651,4,1,3,G.Jesus,Gabriel,Fernando de Jesus,65,i,Knee injury - Expected back 01 Jun,2025-01-12T22:00:07.802845Z,0.0,1.0,0.0,,,
3,226597,2,1,3,Gabriel,Gabriel,dos Santos Magalhães,61,i,Hamstring injury - Expected back 01 Jun,2025-04-01T22:00:07.982867Z,0.0,12.2,0.0,,,
4,219847,4,1,3,Havertz,Kai,Havertz,77,a,,2025-02-12T09:00:08.755570Z,100.0,6.2,0.2,3.0,,
5,463748,1,1,3,Hein,Karl,Hein,40,u,Loaned to Real Valladolid,2024-08-14T08:31:46.556082Z,0.0,0.0,0.0,,,
6,445122,2,1,3,J.Timber,Jurriën,Timber,55,i,Ankle injury - Expected back 01 Jun,2025-05-16T14:00:08.018204Z,0.0,4.3,0.0,,,
7,85955,3,1,3,Jorginho,Jorge Luiz,Frello Filho,46,a,,2025-04-12T20:00:08.048837Z,100.0,0.2,0.2,,,
8,440854,2,1,3,Kiwior,Jakub,Kiwior,49,a,,,,3.8,2.8,,,
9,444145,3,1,3,Martinelli,Gabriel,Martinelli Silva,65,a,,2025-02-06T00:00:08.092348Z,100.0,3.1,3.5,,,
12,499175,3,1,3,Nwaneri,Ethan,Nwaneri,43,a,,2025-01-04T22:00:06.872110Z,100.0,1.5,0.8,,,
13,184029,3,1,3,Ødegaard,Martin,Ødegaard,82,a,,2024-09-10T00:30:06.311550Z,100.0,5.7,6.5,2.0,1.0,3.0
15,154561,1,1,3,Raya,David,Raya Martin,56,a,,2025-01-30T11:00:08.979724Z,100.0,32.6,3.0,,,
16,204480,3,1,3,Rice,Declan,Rice,63,a,,2025-05-11T23:00:08.642302Z,100.0,4.2,5.5,,2.0,2.0
17,223340,3,1,3,Saka,Bukayo,Saka,104,a,,2025-04-09T09:00:07.942776Z,100.0,20.2,2.0,1.0,,1.0
18,462424,2,1,3,Saliba,William,Saliba,64,i,Hamstring injury - Expected back 01 Jun,2025-05-18T20:30:07.323616Z,0.0,25.8,0.8,,,
20,167199,3,1,3,Thomas,Thomas,Partey,49,a,,2025-04-12T20:00:08.101021Z,100.0,0.7,2.2,,,
21,192895,2,1,3,Tierney,Kieran,Tierney,43,a,,2024-08-12T14:30:04.394338Z,100.0,0.1,3.0,,,
22,223723,2,1,3,Tomiyasu,Tomiyasu,Takehiro,48,i,Knee injury - Expected back 01 Jun,2024-10-18T16:00:06.930143Z,0.0,0.0,0.0,,,
23,116216,3,1,3,Trossard,Leandro,Trossard,67,a,,2025-05-11T23:00:08.708617Z,100.0,4.5,4.0,4.0,,4.0
24,198869,2,1,3,White,Benjamin,White,62,a,,2025-04-12T20:00:08.123863Z,100.0,4.4,3.2,,,
25,206325,2,1,3,Zinchenko,Oleksandr,Zinchenko,48,a,,2024-12-09T09:30:06.099861Z,100.0,0.9,1.0,,,
73,69752,1,1,3,Neto,Norberto,Murara Neto,41,a,,2025-04-25T00:00:07.994709Z,100.0,0.7,0.0,,,
186,103955,3,1,3,Sterling,Raheem,Sterling,67,a,,2025-03-08T20:00:09.918533Z,100.0,0.8,0.8,,3.0,
578,466075,2,1,3,Calafiori,Riccardo,Calafiori,58,a,,2025-03-24T14:30:09.477149Z,100.0,1.5,0.5,,,
597,499169,3,1,3,Lewis-Skelly,Myles,Lewis-Skelly,45,a,,2025-02-22T21:00:10.286547Z,100.0,0.4,1.8,,,
633,195384,3,1,3,Merino,Mikel,Merino,60,a,,2025-05-11T23:00:09.594730Z,100.0,1.5,1.8,,,
638,498046,3,1,3,Oulad M'hand,Salah-Eddine,Oulad M'hand,45,a,,,,0.0,0.0,,,
639,551221,1,1,3,Setford,Tommy,Setford,45,a,,,,0.1,0.0,,,
657,588793,2,1,3,Kacurri,Maldini,Kacurri,40,u,Loaned to Bromley,2025-02-04T10:52:26.271821Z,0.0,0.0,0.0,,,
659,588796,3,1,3,Kabia,Ismeal,Kabia,45,a,,,,0.0,0.0,,,
662,499167,2,1,3,Nichols,Josh,Nichols,40,a,,,,0.1,0.0,,,
665,461025,4,1,3,Butler-Oyedeji,Nathan,Butler-Oyedeji,45,a,,,,0.2,0.0,,,
735,100051017,5,1,3,Arteta,Mikel,Arteta,15,a,,,,9.0,5.8,,,
756,616059,1,1,3,Porter,Jack,Porter,40,a,,,,0.0,0.0,,,
790,538182,3,1,3,Gower,Jimi,Gower,45,a,,,,0.0,0.0,,,
793,514307,3,1,3,Jack Henry-Francis,Jack,Henry-Francis,45,a,,,,0.0,0.0,,,
801,563324,2,1,3,Clarke,Brayden,Clarke,40,a,,,,0.0,0.0,,,
28,215711,3,2,7,Bailey,Leon,Bailey,62,a,,2025-04-01T15:00:07.914260Z,100.0,0.8,0.2,,4.0,3.0
29,88894,3,2,7,Barkley,Ross,Barkley,52,a,,2025-01-11T01:30:08.379812Z,100.0,0.2,0.8,,,
30,491287,3,2,7,Barrenechea,Enzo,Barrenechea,49,u,Loaned to Valencia CF,2024-08-31T06:33:47.934620Z,0.0,0.0,0.0,,,
31,195546,3,2,7,Buendia,Emiliano,Buendía Stati,51,u,Loaned to Bayer Leverkusen,2025-02-03T10:22:17.157838Z,0.0,0.1,0.0,,3.0,
32,199796,2,2,7,Cash,Matty,Cash,44,a,,2025-01-31T15:00:08.473024Z,100.0,1.6,4.8,,,
33,151589,3,2,7,Dendoncker,Leander,Dendoncker,45,u,On loan to Anderlecht for the rest of the season,2024-09-02T10:45:36.198316Z,0.0,0.2,0.0,,,
34,243557,3,2,7,Diaby,Moussa,Diaby,65,u,Permanent transfer to Al Ittihad,2024-07-26T08:50:40.300928Z,0.0,0.0,0.0,,,
35,165659,2,2,7,Diego Carlos,Diego Carlos,Santos Silva,45,u,loaned to Fenerbahçe,2025-01-03T19:30:08.711012Z,0.0,0.3,0.0,,,
36,101188,2,2,7,Digne,Lucas,Digne,44,a,,,,5.6,2.0,,2.0,2.0
37,461421,3,2,7,Dobbin,Lewis,Dobbin,50,u,Permanent transfer to West Bromwich Albion,2024-08-07T08:21:33.016106Z,0.0,0.0,0.0,,,
38,476344,4,2,7,Duran,Jhon,Durán,57,u,Loaned to Al-Nassr,2025-02-03T10:25:17.104554Z,0.0,1.6,0.0,,,
39,462492,1,2,7,Gauci,Joe,Gauci,40,u,Loaned to Barnsley,2025-02-03T10:19:41.424678Z,0.0,0.5,0.0,,,
40,123354,2,2,7,Hause,Kortney,Hause,39,a,,,,0.5,0.0,,,
41,469247,3,2,7,Iling Jr,Samuel,Iling-Junior,54,u,Season long loan to Bologna,2024-08-29T11:07:04.555253Z,0.0,0.0,0.0,,,
42,226944,3,2,7,Kamara,Boubacar,Kamara,50,a,,2025-02-18T22:00:09.222622Z,100.0,0.1,4.5,,,
43,465390,2,2,7,Kesler-Hayden,Kaine,Kesler-Hayden,40,u,Has joined Preston North End for the rest of the season,2024-08-09T11:14:21.895838Z,0.0,0.0,0.0,,,
44,199798,2,2,7,Konsa,Ezri,Konsa Ngoyo,45,a,,2025-02-10T10:00:08.895290Z,100.0,9.5,6.8,,,
45,441302,2,2,7,Maatsen,Ian,Maatsen,45,a,,2024-11-14T10:00:07.838636Z,100.0,1.6,3.5,,,
46,462381,1,2,7,Marschall,Filip,Marschall,40,u,Has joined MK Dons for the rest of the season,2024-07-18T09:50:40.812599Z,0.0,0.0,0.0,,,
47,98980,1,2,7,Martinez,Emiliano,Martínez Romero,50,s,Suspended until 23 Aug,2025-05-25T18:00:07.245002Z,0.0,13.3,5.2,,,
48,122806,3,2,7,McGinn,John,McGinn,52,a,,2025-01-04T19:30:07.992156Z,100.0,0.7,3.2,,,
49,149484,2,2,7,Mings,Tyrone,Mings,44,a,,2025-03-01T08:00:09.097035Z,100.0,0.2,1.5,,,
50,578545,2,2,7,Nedeljkovic,Kosta,Nedeljković,39,u,Loaned to RB Leipzig,2025-02-03T18:30:15.024412Z,0.0,0.5,0.0,,,
51,111782,1,2,7,Olsen,Robin,Olsen,45,a,,2024-10-18T16:30:05.894923Z,100.0,0.1,0.2,,,
52,244954,2,2,7,Pau,Pau,Torres,42,a,,2024-12-30T23:30:08.107053Z,100.0,0.8,3.5,,,
53,232653,3,2,7,Ramsey,Jacob,Ramsey,54,a,,2025-05-11T00:30:07.633320Z,100.0,0.3,0.5,,,
54,244850,3,2,7,Rogers,Morgan,Rogers,58,a,,2025-02-22T21:30:09.096177Z,100.0,25.8,4.0,,,
55,248164,1,2,7,Sinisalo,Viljami,Sinisalo,40,u,Permanent transfer to Celtic,2024-07-18T09:43:21.242291Z,0.0,0.0,0.0,,,
56,514315,2,2,7,Sousa,Lino,da Cruz Sousa,40,u,Loaned to  Bristol Rovers,2024-08-16T11:50:34.812830Z,0.0,0.0,0.0,,,
57,166989,3,2,7,Tielemans,Youri,Tielemans,55,a,,2025-05-08T16:30:07.959472Z,100.0,1.1,3.0,2.0,,1.0
58,178301,4,2,7,Watkins,Ollie,Watkins,92,a,,2025-03-19T15:30:06.831986Z,100.0,29.0,4.5,1.0,,
167,220362,2,2,7,Disasi,Axel,Disasi,42,a,,2025-02-15T16:00:09.052094Z,100.0,0.4,0.0,,,
233,449871,3,2,7,Onana,Amadou,Onana,48,a,,2025-02-14T15:00:07.725990Z,100.0,2.1,2.5,,,
385,176297,3,2,7,Rashford,Marcus,Rashford,66,a,,2025-04-27T12:00:08.307285Z,100.0,3.7,0.0,3.0,2.0,
598,515597,2,2,7,Bogarde,Lamare,Bogarde,39,a,,,,0.2,0.0,,,
640,514287,2,2,7,Swinkels,Sil,Swinkels,40,u,Loaned to Bristol Rovers,2025-02-04T10:52:01.247463Z,0.0,0.1,0.0,,,
641,516159,1,2,7,Zych,Oliwier,Zych,40,a,,,,0.5,0.0,,,
656,537403,3,2,7,Young,Kadan,Young,44,u,Loaned to Royal Antwerp,2025-02-28T11:05:51.443216Z,0.0,0.2,0.0,,,
679,577731,3,2,7,Broggio,Ben,Broggio,45,a,,,,0.0,0.0,,,
710,559962,3,2,7,Jimoh,Jamaldeen,Jimoh,45,a,,,,0.0,0.0,,,
725,204646,3,2,7,Malen,Donyell,Malen,53,a,,,,0.2,0.8,,,
731,606798,2,2,7,A. Garcia,Andrés,García,45,a,,,,0.1,0.0,,,
737,100037568,5,2,7,Emery,Unai,Emery,8,a,,,,7.7,7.0,,,
762,174292,3,2,7,M.Asensio,Marco,Asensio,60,a,,,,2.4,1.8,,,
59,232980,2,3,91,Aarons,Max,Aarons,43,u,Season-long loan to Valencia,2025-01-17T08:27:29.985824Z,0.0,0.1,0.0,,,
60,200785,3,3,91,Adams,Tyler,Adams,49,a,,2024-12-30T23:30:08.175231Z,100.0,0.1,2.2,,,
61,444180,3,3,91,Anthony,Jaidon,Anthony,45,u,Season long loan to Burnley,2024-08-30T09:46:29.420148Z,0.0,0.1,0.0,,,
62,111317,3,3,91,Brooks,David,Brooks,49,a,,2024-08-12T14:30:04.440536Z,100.0,0.0,1.5,,,
63,158499,3,3,91,Christie,Ryan,Christie,48,i,Groin Injury - Expected back 01 Jun,2025-04-04T12:00:08.386754Z,0.0,0.1,0.0,,,4.0
64,155408,3,3,91,Cook,Lewis,Cook,50,s,Suspended until 30 Aug,2025-05-21T00:00:07.899357Z,0.0,0.1,0.8,,2.0,1.0
65,168636,4,3,91,Enes Ünal,Enes,Ünal,54,i,Knee injury - Expected back 01 Jun,2025-01-09T16:30:08.243030Z,0.0,0.1,0.0,,4.0,
66,441240,3,3,91,Faivre,Romain,Faivre,50,u,Loaned to Brest,2024-08-20T12:15:06.505689Z,0.0,0.0,0.0,,,
67,424044,3,3,91,H.Traorè,Hamed,Traorè,45,u,Season long loan to A.J.Auxerre,2024-08-29T11:07:43.785266Z,0.0,0.0,0.0,,,
68,463981,2,3,91,Hill,James,Hill,39,a,,2025-05-23T14:00:08.258569Z,100.0,0.5,0.0,,,
69,523700,4,3,91,Jebbison,Daniel,Jebbison,45,a,,2024-08-31T06:32:40.630710Z,100.0,1.1,2.2,,,
70,544877,2,3,91,Kerkez,Milos,Kerkez,53,a,,2024-11-21T08:30:08.632085Z,100.0,20.0,2.8,,,
71,222683,3,3,91,Kluivert,Justin,Kluivert,59,a,,2025-04-01T14:00:07.917236Z,100.0,11.0,1.8,1.0,,
72,223911,2,3,91,Mepham,Chris,Mepham,44,u,On loan to Sunderland for the season,2024-09-01T09:10:00.945219Z,0.0,0.0,0.0,,,
74,533463,3,3,91,O.Dango,Dango,Ouattara,45,i,Groin Injury - Expected back 01 Jun,2025-05-08T16:30:08.039133Z,0.0,0.9,0.2,,,
75,495145,1,3,91,Paulsen,Alex,Paulsen,40,u,Loaned to Auckland FC,2024-08-10T12:14:13.050842Z,0.0,0.0,0.0,,,
76,168991,3,3,91,Philip,Philip,Billing,48,u,Season-long loan to Napoli,2025-01-17T08:00:05.376061Z,0.0,0.0,0.0,,3.0,
77,503139,3,3,91,Scott,Alex,Scott,47,a,,2025-05-11T00:30:07.728795Z,100.0,0.0,0.5,,,
78,437730,3,3,91,Semenyo,Antoine,Semenyo,57,a,,2024-11-13T14:00:07.717891Z,100.0,8.0,6.0,,,
79,221466,2,3,91,Senesi,Marcos,Senesi,46,a,,2024-12-06T10:30:07.568268Z,100.0,0.3,1.8,,,
80,224995,3,3,91,Sinisterra,Luis,Sinisterra,48,i,Hamstring injury - Expected back 01 Jun,2025-03-15T22:00:08.354423Z,0.0,0.1,0.0,,,
81,54469,2,3,91,Smith,Adam,Smith,44,a,,2024-12-25T22:30:07.943044Z,100.0,0.1,2.0,,,
83,201658,3,3,91,Tavernier,Marcus,Tavernier,54,a,,2025-03-30T21:00:08.443842Z,100.0,0.2,3.0,,1.0,2.0
84,229600,1,3,91,Travers,Mark,Travers,44,u,Loaned to Middlesbrough,2025-02-03T10:20:13.419620Z,0.0,0.1,0.0,,,
85,477580,2,3,91,Zabarnyi,Illia,Zabarnyi,44,a,,2025-02-22T21:00:09.748448Z,100.0,0.5,3.8,,,
152,109745,1,3,91,Arrizabalaga,Kepa,Arrizabalaga,46,a,,2025-01-04T19:30:08.158014Z,100.0,3.7,3.0,,,
580,554605,2,3,91,Huijsen,Dean,Huijsen,45,a,,,,5.0,3.2,,,
592,436893,2,3,91,J.Araujo,Julián,Araujo Zúñiga,43,a,,2025-03-07T16:30:09.194335Z,100.0,0.1,0.8,,,
599,444172,1,3,91,Dennis,Will,Dennis,39,a,,,,0.3,0.0,,,
617,444102,4,3,91,Evanilson,Francisco Evanilson,de Lima Barbosa,59,a,,2025-04-27T22:30:08.577290Z,100.0,8.5,3.0,2.0,,
680,496683,2,3,91,Kinsey,Max,Kinsey,40,a,,,,0.0,0.0,,,
687,606775,3,3,91,Winterburn,Ben,Winterburn,45,a,,,,0.0,0.2,,,
702,632822,2,3,91,Harris,Archie,Harris,40,a,,,,0.0,0.0,,,
707,606774,4,3,91,Rees-Dottin,Remy,Rees-Dottin,45,a,,,,0.1,0.0,,,
712,541462,2,3,91,Akinmboni,Matai,Akinmboni,40,a,,,,0.0,0.0,,,
713,575901,2,3,91,Soler,Julio,Soler,39,a,,2025-01-17T12:00:08.626455Z,100.0,0.0,0.5,,,
722,590760,4,3,91,Adu-Adjei,Daniel,Adu-Adjei,45,a,,,,0.0,0.0,,,
723,550596,3,3,91,Sadi,Dominic,Sadi,45,a,,,,0.0,0.0,,,
727,568791,1,3,91,McKenna,Callan,McKenna,40,a,,,,0.0,0.0,,,
728,530121,3,3,91,Silcott-Duberry,Zain,Silcott-Duberry,45,a,,,,0.0,0.0,,,
738,100050427,5,3,91,Iraola,Andoni,Iraola,11,a,,,,4.8,7.2,,,
86,191866,2,4,94,Ajer,Kristoffer,Ajer,44,a,,2025-05-11T22:30:08.310592Z,100.0,0.2,0.2,,,
87,494041,3,4,94,Brierley,Ethan,Brierley,44,a,,2024-09-10T11:15:13.439596Z,100.0,0.1,0.0,,,
88,432830,2,4,94,Collins,Nathan,Collins,46,a,,,,4.5,4.6,,,
89,440089,3,4,94,Damsgaard,Mikkel,Damsgaard,49,a,,2024-10-12T11:00:07.165630Z,100.0,1.2,3.0,,3.0,1.0
90,183656,3,4,94,Dasilva,Josh,Dasilva,48,i,Knee injury - Expected back 01 Jun,2024-08-12T14:30:04.460316Z,0.0,0.0,0.0,,,
91,118342,1,4,94,Flekken,Mark,Flekken,45,a,,2025-02-03T02:00:08.276126Z,100.0,10.0,5.6,,,
92,194010,2,4,94,Henry,Rico,Henry,43,a,,2025-01-27T01:00:08.496464Z,100.0,0.0,0.4,,,
93,472713,2,4,94,Hickey,Aaron,Hickey,43,a,,2024-08-12T14:30:04.480785Z,100.0,0.0,0.0,,,
94,204580,3,4,94,Janelt,Vitaly,Janelt,48,i,Heel Injury - Expected back 01 Jun,2025-05-01T00:30:07.901216Z,0.0,0.2,0.0,,,
95,207283,3,4,94,Jensen,Mathias,Jensen,53,a,,2025-04-01T14:00:08.042702Z,100.0,0.1,1.0,,,3.0
96,570241,2,4,94,Ji-soo,Kim,Ji-soo,39,a,,,,0.3,0.0,,,
97,628204,3,4,94,Konak,Yunus Emre,Konak,44,a,,2025-04-19T21:00:07.399390Z,100.0,0.1,0.4,,,
98,249231,3,4,94,Lewis-Potter,Keane,Lewis-Potter,50,a,,,,0.1,1.6,,4.0,
99,446008,3,4,94,Mbeumo,Bryan,Mbeumo,83,a,,2024-11-13T15:00:08.005055Z,100.0,46.7,5.2,2.0,2.0,2.0
100,51927,2,4,94,Mee,Ben,Mee,42,a,,2025-05-24T20:00:08.168309Z,100.0,0.3,0.0,,,
101,128295,3,4,94,Nørgaard,Christian,Nørgaard,48,a,,2025-02-22T02:00:07.221007Z,100.0,0.2,4.2,,,
102,428580,3,4,94,Onyeka,Frank,Onyeka,49,u,Loaned to FC Augsburg,2024-08-31T06:32:02.183747Z,0.0,0.0,0.0,,,
103,450539,3,4,94,Peart-Harris,Myles,Peart-Harris,45,u,Loaned to Swansea City,2024-08-31T06:31:19.312069Z,0.0,0.0,0.0,,,
104,231065,2,4,94,Pinnock,Ethan,Pinnock,44,a,,2024-12-19T00:30:06.525832Z,100.0,0.3,0.0,,,
105,226956,2,4,94,Roerslev,Mads,Roerslev Rasmussen,43,u,Loaned to VfL Wolfsburg,2025-01-30T11:40:19.558849Z,0.0,0.1,0.0,,,
106,513418,3,4,94,Schade,Kevin,Schade,53,a,,2025-01-27T01:00:08.556857Z,100.0,3.3,7.4,,,
107,502500,4,4,94,Thiago,Igor Thiago,Nascimento Rodrigues,59,a,,2025-04-11T00:30:06.405105Z,100.0,0.0,0.8,,,
108,144485,4,4,94,Toney,Ivan,Toney,73,u,Transferred to Al-Ahli,2024-08-31T06:41:10.704245Z,0.0,1.1,0.0,,,
109,507433,1,4,94,Valdimarsson,Hákon,Valdimarsson,39,a,,,,2.9,0.0,,,
110,216646,4,4,94,Wissa,Yoane,Wissa,69,a,,2024-11-13T14:30:07.614563Z,100.0,24.2,5.2,4.0,,
111,508395,3,4,94,Yarmoliuk,Yehor,Yarmoliuk,43,a,,,,2.3,2.0,,,
112,48760,2,4,94,Zanka,Mathias,Jorgensen,45,u,Joined Anderlecht,2024-08-16T11:51:35.999618Z,0.0,0.0,0.0,,,
314,244858,3,4,94,Carvalho,Fábio,Freitas Gouveia Carvalho,45,i,Shoulder injury - Expected back 01 Jun,2025-03-08T21:00:09.439679Z,0.0,0.4,0.0,,,4.0
338,444765,2,4,94,Van den Berg,Sepp,van den Berg,41,a,,2025-02-15T18:30:08.884546Z,100.0,1.5,3.0,,,
602,591357,3,4,94,Trevitt,Ryan,Trevitt,44,u,Loaned to Exeter City,2025-02-03T18:30:41.509945Z,0.0,0.0,0.0,,,
634,626464,3,4,94,G.Nunes,Gustavo,Nunes Fernandes Gomes,49,a,,2025-04-01T21:30:08.523570Z,100.0,0.0,0.2,,,
649,499717,2,4,94,Meghoma,Jayden,Meghoma,40,u,Loaned to Preston North End,2025-01-17T12:25:36.920912Z,0.0,0.0,0.0,,,
661,592662,3,4,94,Yogane,Tony,Yogane,45,u,Loaned to Exeter City,2025-01-24T10:48:13.441165Z,0.0,0.0,0.0,,,
674,220695,3,4,94,Maghoma,Paris,Maghoma,45,a,,,,0.0,0.0,,,
705,622536,2,4,94,Arthur,Benjamin,Arthur,40,a,,,,0.0,0.0,,,
752,100042830,5,4,94,Frank,Thomas,Frank,8,a,,,,15.1,9.0,,,
757,607464,2,4,94,Kayode,Michael,Kayode,45,a,,2025-05-18T20:30:07.973848Z,100.0,0.1,4.0,,,
759,535017,1,4,94,Eyestone,Julian,Eyestone,40,a,,,,0.0,0.0,,,
780,533710,4,4,94,Morgan,Iwan,Morgan,45,a,,,,0.0,0.0,,,
786,612534,2,4,94,Benjamin Fredrick,Benjamin,Fredrick,40,a,,,,0.0,0.0,,,
113,535818,3,5,36,Adingra,Simon,Adingra,51,a,,2024-09-29T22:30:06.392264Z,100.0,0.3,2.5,,,
114,475480,3,5,36,Baker-Boaitey,Benicio,Baker-Boaitey,45,u,Loaned to Port Vale,2024-08-10T12:17:28.055765Z,0.0,0.0,0.0,,,
115,535301,3,5,36,Baleba,Carlos,Baleba,50,a,,2025-02-01T22:30:07.945590Z,100.0,0.2,2.2,,,
116,543158,2,5,36,Barco,Valentín,Barco,40,u,Loaned to Sevilla,2024-08-23T23:00:06.122778Z,0.0,1.9,0.0,,,
118,519324,3,5,36,Cozier-Duberry,Amario,Cozier-Duberry,45,u,Loaned to Blackburn Rovers,2024-08-31T06:29:40.845798Z,0.0,0.0,0.0,,,
119,168090,3,5,36,Dahoud,Mahmoud,Dahoud,49,u,Transferred to Eintracht Frankfurt,2024-08-31T06:30:37.645175Z,0.0,0.0,0.0,,,
120,83299,2,5,36,Dunk,Lewis,Dunk,42,a,,2025-05-11T22:30:08.354775Z,100.0,2.3,0.5,,4.0,
122,204214,2,5,36,Estupiñan,Pervis,Estupiñán,49,a,,2025-01-26T12:00:08.902967Z,100.0,1.3,2.5,,2.0,2.0
124,243568,3,5,36,Gilmour,Billy,Gilmour,50,u,Transferred to Napoli,2024-08-31T06:42:09.507349Z,0.0,0.0,0.0,,,
125,60307,3,5,36,Gross,Pascal,Groß,65,u,Permanent transfer to Borussia Dortmund,2024-08-02T13:11:40.837259Z,0.0,0.0,0.0,,,
126,532529,3,5,36,Hinshelwood,Jack,Hinshelwood,49,a,,2024-11-10T01:30:07.476316Z,100.0,0.1,6.2,,,
127,612855,3,5,36,I.Osman,Ibrahim,Osman,50,u,Loaned to Feyenoord,2024-08-16T11:54:28.483822Z,0.0,0.0,0.0,,,
128,223434,2,5,36,Igor,Igor Julio,dos Santos de Paulo,43,a,,2025-01-04T22:00:07.109334Z,100.0,0.1,0.2,,,
129,475168,4,5,36,João Pedro,João Pedro,Junqueira de Jesus,55,a,,2025-05-23T14:00:08.373379Z,100.0,8.5,0.0,1.0,,
130,484658,3,5,36,Kozlowski,Kacper,Kozłowski,45,u,Permanent transfer to Gaziantep FK,2024-07-22T09:03:00.342050Z,0.0,0.0,0.0,,,
131,232792,2,5,36,Lamptey,Tariq,Lamptey,44,d,Knee injury - 75% chance of playing,2025-05-19T22:00:08.215017Z,75.0,0.2,0.5,,,
132,109345,3,5,36,March,Solly,March,65,i,Knee injury - Expected back 01 Jun,2025-05-05T07:30:07.917767Z,0.0,0.0,0.0,,,
133,550141,3,5,36,Mazilu,Adrian,Mazilu,45,u,Has joined Vitesse Arnhem on loan for the rest of the season,2024-08-29T11:08:43.963582Z,0.0,0.0,0.0,,,
134,15157,3,5,36,Milner,James,Milner,50,a,,2024-08-31T21:00:04.655035Z,100.0,0.0,0.2,,,
135,592031,3,5,36,Minteh,Yankuba,Minteh,48,a,,2025-01-12T22:30:08.694313Z,100.0,1.0,4.0,,,5.0
136,451340,3,5,36,Mitoma,Mitoma,Kaoru,63,a,,2025-05-16T09:30:08.547373Z,100.0,6.3,2.8,,,
137,243505,3,5,36,Moder,Jakub,Moder,44,u,Loaned to Feyenoord,2025-01-22T10:15:11.772489Z,0.0,0.4,0.0,,,
138,574402,4,5,36,O’Mahony,Mark,O’Mahony,45,u,Season long to Portsmouth,2024-08-30T10:16:16.061223Z,0.0,0.2,0.0,,,
139,445548,2,5,36,Offiah,Odeluga,Offiah,40,u,Loaned to Blackpool,2024-08-31T06:26:46.238644Z,0.0,0.1,0.0,,,
140,491598,3,5,36,Peupion,Cameron,Peupion,44,u,Loaned to ADO Den Haag,2025-02-03T10:22:59.975748Z,0.0,0.0,0.0,,,
141,441192,3,5,36,Sarmiento,Jeremy,Sarmiento Morante,49,u,Loaned to Burnley,2024-08-31T06:27:42.007071Z,0.0,0.0,0.0,,,
142,49262,1,5,36,Steele,Jason,Steele,40,d,Hand injury - 75% chance of playing,2025-05-19T22:00:08.291938Z,75.0,0.7,0.0,,,
143,450434,4,5,36,Undav,Deniz,Undav,55,u,Transferred to Stuttgart,2024-08-10T12:18:55.962223Z,0.0,0.0,0.0,,,
144,469142,2,5,36,Van Hecke,Jan Paul,van Hecke,45,a,,2025-04-19T21:00:07.484058Z,100.0,0.7,3.0,,,
145,111478,2,5,36,Veltman,Joël,Veltman,43,a,,2025-05-11T22:30:08.389691Z,100.0,1.1,0.2,,,
146,489639,1,5,36,Verbruggen,Bart,Verbruggen,45,a,,2024-08-12T14:30:04.523944Z,100.0,2.5,3.8,,,
147,110735,2,5,36,Webster,Adam,Webster,43,a,,2025-03-30T02:00:08.587962Z,100.0,0.1,3.2,,,
148,50175,4,5,36,Welbeck,Danny,Welbeck,55,a,,2025-02-22T21:30:09.255845Z,100.0,6.9,3.8,3.0,1.0,
149,467779,3,5,36,Wieffer,Mats,Wieffer,47,a,,2025-03-30T02:00:08.604802Z,100.0,0.1,3.0,,,
595,513433,3,5,36,Gruda,Brajan,Gruda,54,a,,2025-01-24T00:00:10.185786Z,100.0,0.1,3.8,,,
600,509416,3,5,36,Ayari,Yasin,Ayari,50,a,,2025-02-01T22:30:08.709133Z,100.0,0.1,3.5,,,3.0
601,513834,3,5,36,Moran,Andrew,Moran,50,u,Loaned to Stoke City,2024-08-20T12:19:09.002604Z,0.0,0.0,0.0,,,
615,472739,1,5,36,Rushworth,Carl,Rushworth,39,a,,2024-08-31T06:28:38.039682Z,100.0,0.1,0.0,,,
618,463067,3,5,36,Georginio,Georginio,Rutter,50,i,Ankle injury - Expected back 01 Jun,2025-03-30T02:00:09.254489Z,0.0,0.3,0.0,,,
628,231416,2,5,36,F.Kadıoğlu,Ferdi,Kadioglu,44,i,Toe Injury - Expected back 01 Jun,2024-11-10T01:30:09.967684Z,0.0,0.1,0.0,,,
629,219249,3,5,36,O'Riley,Matt,O'Riley,55,a,,2025-03-07T12:00:09.447793Z,100.0,0.0,3.2,,,1.0
663,447720,2,5,36,Samuels,Imari,Samuels,40,u,Loaned to Dundee,2025-01-17T12:29:48.647053Z,0.0,0.0,0.0,,,
668,565858,1,5,36,Cahill,Killian,Cahill,39,a,,,,0.9,0.0,,,
681,539721,2,5,36,McConville,Ruairi,McConville,40,u,Loaned to Norwich City,2025-02-04T10:51:39.862174Z,0.0,0.0,0.0,,,
685,589100,2,5,36,Slater,Jacob,Slater,40,a,,,,0.0,0.0,,,
714,514254,3,5,36,Gómez,Diego,Gómez,55,a,,2025-01-09T16:30:09.168224Z,100.0,0.0,3.5,,,
739,100053901,5,5,36,Hürzeler,Fabian,Hürzeler,11,a,,,,2.3,12.0,,,
758,567121,3,5,36,Knight,Joe,Knight,45,a,,,,0.0,0.0,,,
763,439135,2,5,36,Cashin,Eiran,Cashin,45,a,,,,0.0,0.0,,,
791,547720,2,5,36,Charlie Tasker,Charlie,Tasker,40,a,,,,0.0,0.0,,,
794,604988,2,5,36,Freddie Simmonds,Freddie,Simmonds,40,a,,,,0.0,0.0,,,
795,597320,3,5,36,Harry Howell,Harry,Howell,45,a,,,,0.0,0.2,,,
150,532605,3,6,8,Andrey Santos,Andrey,Nascimento dos Santos,45,u,Has joined Strasbourg on a season-long loan,2024-08-05T10:16:34.176364Z,0.0,0.0,0.0,,,
151,518620,3,6,8,Ângelo,Ângelo Gabriel,Borges Damaceno,45,u,Transferred to Al-Nassr,2024-09-05T10:38:18.297070Z,0.0,0.1,0.0,,,
153,242880,2,6,8,B.Badiashile,Benoît,Badiashile,42,a,,2024-12-16T10:30:07.655172Z,100.0,0.1,0.0,,,
154,482158,1,6,8,Bergström,Lucas,Bergström,39,a,,,,0.2,0.0,,,
155,122074,1,6,8,Bettinelli,Marcus,Bettinelli,39,a,,,,0.4,0.0,,,
157,486672,3,6,8,Caicedo,Moisés,Caicedo Corozo,49,a,,,,1.0,3.2,,,
158,505187,3,6,8,Casadei,Cesare,Casadei,44,u,Loaned to Torino,2025-02-03T10:23:25.268868Z,0.0,0.1,0.0,,,
159,180736,2,6,8,Chalobah,Trevoh,Chalobah,44,a,,2025-02-22T21:00:09.834402Z,100.0,0.7,0.8,,,
161,478912,3,6,8,Chukwuemeka,Carney,Chukwuemeka,47,u,Loaned to Borussia Dortmund,2025-02-04T10:49:46.028103Z,0.0,0.0,0.0,,,
162,460028,2,6,8,Colwill,Levi,Colwill,44,a,,2025-01-17T15:00:07.145576Z,100.0,2.4,5.8,,,
163,179268,2,6,8,Cucurella,Marc,Cucurella Saseta,54,a,,2024-12-16T09:30:06.586582Z,100.0,11.8,6.5,,,
164,520295,4,6,8,D.D.Fofana,David Datro,Fofana,54,u,Transferred to AEK Athens,2024-09-11T14:26:52.770225Z,0.0,0.1,0.0,,,
165,617054,4,6,8,Deivid,Deivid Washington,de Souza Eugênio,49,u,Loaned to Santos,2025-02-28T11:06:35.437245Z,0.0,0.1,0.0,,,
166,215413,3,6,8,Dewsbury-Hall,Kiernan,Dewsbury-Hall,55,a,,2024-12-29T08:30:08.647462Z,100.0,0.1,0.2,,,
168,448047,3,6,8,Enzo,Enzo,Fernández,47,a,,2025-01-17T15:00:07.174073Z,100.0,4.1,4.0,4.0,3.0,3.0
169,232787,3,6,8,Gallagher,Conor,Gallagher,59,u,Transferred to Atletico Madrid,2024-08-22T11:20:34.236891Z,0.0,0.1,0.0,,,
170,514280,2,6,8,Gilchrist,Alfie,Gilchrist,40,u,Has joined Sheffield United on a season-long,2024-08-09T11:15:16.064928Z,0.0,0.0,0.0,,,
171,482609,2,6,8,Gusto,Malo,Gusto,49,a,,2025-04-21T04:30:07.650673Z,100.0,1.4,1.0,,,
172,225796,2,6,8,James,Reece,James,48,a,,2024-11-21T14:00:08.020459Z,100.0,1.1,4.5,,2.0,2.0
173,549068,3,6,8,Kellyman,Omari,Kellyman,43,i,Hamstring injury - Expected back 01 Jun,2024-09-08T23:00:06.668188Z,0.0,0.1,0.0,,,
174,514356,3,6,8,Lavia,Roméo,Lavia,45,a,,2025-04-04T12:00:08.637574Z,100.0,0.4,1.8,,,
175,66749,4,6,8,Lukaku,Romelu,Lukaku Bolingoli,63,u,Permanent transfer to Napoli,2024-08-30T10:21:53.872158Z,0.0,0.2,0.0,,,
176,204727,2,6,8,M.Sarr,Malang,Sarr,45,u,Permanent move to RC Lens,2024-07-29T09:46:25.583703Z,0.0,0.0,0.0,,,
177,248857,3,6,8,Madueke,Noni,Madueke,60,a,,2025-02-15T16:00:09.076234Z,100.0,3.2,2.2,3.0,,
178,499309,4,6,8,Marc Guiu,Marc,Guiu Paz,47,a,,2025-02-07T16:30:07.359889Z,100.0,0.5,0.0,,,
179,465920,3,6,8,Mudryk,Mykhailo,Mudryk,61,s,Suspended - unknown return date,2024-12-06T15:30:07.786308Z,0.0,0.2,0.0,,,
180,517052,4,6,8,N.Jackson,Nicolas,Jackson,77,s,Suspended until 23 Aug,2025-05-11T23:00:08.902523Z,0.0,6.2,0.0,,,
181,213198,3,6,8,Nkunku,Christopher,Nkunku,57,a,,2025-05-01T00:30:08.054121Z,100.0,2.0,0.0,2.0,,
182,244851,3,6,8,Palmer,Cole,Palmer,105,a,,2025-03-16T23:00:06.860890Z,100.0,34.3,4.2,1.0,1.0,1.0
183,457569,1,6,8,Petrović,Đorđe,Petrović,44,u,Loaned to Strasbourg,2024-08-31T06:26:07.653045Z,0.0,0.1,0.0,,,
184,551230,3,6,8,Renato Veiga,Renato,Palma Veiga,44,u,Loaned to Juventus,2025-01-30T11:39:46.371988Z,0.0,0.1,0.0,,,
185,215059,1,6,8,Sánchez,Robert,Sánchez,45,a,,2025-05-01T00:30:08.074171Z,100.0,6.2,4.0,,,
187,109646,2,6,8,Tosin,Tosin,Adarabioyo,42,a,,,,0.3,3.5,,,
189,444463,2,6,8,W.Fofana,Wesley,Fofana,43,i,Muscle injury - Expected back 01 Jun,2025-04-04T12:00:08.691373Z,0.0,0.2,0.0,,,
386,209243,3,6,8,Sancho,Jadon,Sancho,62,a,,2025-05-10T17:30:07.594481Z,100.0,0.9,1.0,,,
560,247632,3,6,8,Neto,Pedro,Lomba Neto,61,a,,2024-12-09T09:30:06.764738Z,100.0,1.4,4.0,,,4.0
575,488464,2,6,8,Wiley,Caleb,Wiley,40,u,Loaned to Strasbourg,2024-08-13T07:07:06.645739Z,0.0,0.0,0.0,,,
581,508479,1,6,8,Jørgensen,Filip,Jørgensen,42,a,,2024-11-21T08:30:09.544798Z,100.0,0.4,0.0,,,
621,428399,3,6,8,João Félix,João,Félix Sequeira,59,u,Loaned to Milan,2025-02-04T23:54:41.208950Z,0.0,0.4,0.0,,,
695,547692,3,6,8,Rak-Sakyi,Samuel,Rak-Sakyi,45,a,,,,0.0,0.0,,,
696,550615,3,6,8,George,Tyrique,George,45,a,,,,0.0,0.8,,,
697,577016,2,6,8,Acheampong,Josh,Acheampong,40,a,,,,0.1,0.0,,,
740,100048548,5,6,8,Maresca,Enzo,Maresca,15,a,,,,1.7,6.8,,,
771,609640,3,6,8,Amougou,Mathis,Amougou,45,a,,,,0.0,0.0,,,
774,622758,2,6,8,Anselmino,Aaron,Anselmino,40,a,,2025-04-25T13:30:08.784532Z,100.0,0.0,0.0,,,
781,567119,4,6,8,Mheuka,Shumaira,Mheuka,45,a,,,,0.0,0.0,,,
782,536238,2,6,8,Samuels-Smith,Ishé,Samuels-Smith,40,a,,,,0.0,0.0,,,
787,591382,2,6,8,Genesis Antwi,Genesis,Antwi,40,a,,,,0.0,0.0,,,
11,205533,4,7,31,Nketiah,Eddie,Nketiah,59,a,,2025-04-05T16:30:06.717546Z,100.0,0.7,3.8,,,
160,172850,2,7,31,Chilwell,Ben,Chilwell,46,d,Illness - 75% chance of playing,2025-05-23T14:00:08.414449Z,75.0,0.5,2.0,,,
190,466117,3,7,31,Ahamada,Naouirou,Ahamada,45,u,Loaned to Rennes,2024-08-31T06:25:25.419519Z,0.0,0.1,0.0,,,
193,438464,3,7,31,C.Doucouré,Cheick,Doucouré,48,i,Knee injury - Expected back 01 Jun,2025-01-24T16:00:08.864027Z,0.0,0.0,0.0,,,
194,427623,2,7,31,C.Richards,Chris,Richards,44,a,,2025-04-01T14:00:08.193427Z,100.0,0.2,2.8,,,
195,515621,2,7,31,Chadi Riad,Chadi,Riad Dnanou,43,i,Knee injury - Expected back 01 Jun,2025-01-24T16:00:08.878612Z,0.0,0.0,0.0,,,
196,57328,2,7,31,Clyne,Nathaniel,Clyne,43,d,Illness - 75% chance of playing,2025-05-23T14:00:08.468821Z,75.0,0.1,0.0,,,
197,450535,3,7,31,Ebiowei,Malcolm,Ebiowei,45,u,Season long loan to Oxford United,2024-08-06T17:23:26.723638Z,0.0,0.0,0.0,,,
199,232413,3,7,31,Eze,Eberechi,Eze,70,a,,2025-01-31T15:00:08.813444Z,100.0,14.6,8.8,2.0,1.0,1.0
200,209036,2,7,31,Guéhi,Marc,Guéhi,47,i,Eye Injury - Expected back 01 Jun,2025-05-19T15:30:05.944462Z,0.0,5.7,2.2,,,
201,172649,1,7,31,Henderson,Dean,Henderson,46,a,,2025-01-12T22:00:08.068713Z,100.0,11.7,3.0,,,
202,156074,2,7,31,Holding,Rob,Holding,42,u,Loaned to Sheffield United,2025-02-04T10:48:47.594320Z,0.0,0.1,0.0,,,
203,108413,3,7,31,Hughes,Will,Hughes,49,a,,2025-02-26T00:00:08.028332Z,100.0,0.0,2.0,,,2.0
205,209400,3,7,31,Kamada,Daichi,Kamada,51,a,,2024-11-09T20:00:07.600072Z,100.0,0.1,1.2,,,5.0
206,152551,3,7,31,Lerma,Jefferson,Lerma Solís,48,a,,2025-01-16T09:30:08.072744Z,100.0,0.1,1.8,,,
207,231747,4,7,31,Mateta,Jean-Philippe,Mateta,75,a,,2025-03-01T21:30:09.404720Z,100.0,8.3,1.5,1.0,,
208,536694,3,7,31,M.França,Matheus,França de Oliveira,44,a,,2024-09-27T15:30:06.533416Z,100.0,0.2,0.5,,,
209,169593,1,7,31,Matthews,Remi,Matthews,39,a,,,,0.4,0.0,,,
210,244723,2,7,31,Mitchell,Tyrick,Mitchell,48,a,,,,2.1,4.0,,,
211,247348,2,7,31,Muñoz,Daniel,Muñoz,52,a,,2024-12-16T09:30:06.692125Z,100.0,19.3,3.8,,,
212,531989,3,7,31,Ozoh,David,Ozoh,45,u,Season long loan to Derby County,2024-07-26T08:51:53.649693Z,0.0,0.0,0.0,,,
213,450542,3,7,31,Rak-Sakyi,Jesurun,Rak-Sakyi,45,u,Loaned to Sheffield United,2024-08-20T12:16:48.741122Z,0.0,0.0,0.0,,,
214,86417,3,7,31,Schlupp,Jeffrey,Schlupp,46,u,Loaned to Celtic,2025-02-04T10:49:14.192450Z,0.0,0.0,0.0,,,
215,55494,2,7,31,Ward,Joel,Ward,43,a,,2025-01-24T16:00:08.907673Z,100.0,0.1,0.0,,,
216,496221,3,7,31,Wharton,Adam,Wharton,47,i,Concussion - Expected back 01 Jun,2025-05-19T15:30:05.987980Z,0.0,0.1,0.8,,,4.0
445,224068,1,7,31,Turner,Matt,Turner,39,a,,2025-04-25T00:00:08.588805Z,100.0,7.2,0.0,,,
585,232185,3,7,31,I.Sarr,Ismaïla,Sarr,55,a,,2025-01-17T15:00:07.869411Z,100.0,5.3,5.5,,,
644,574398,3,7,31,Umeh-Chibueze,Franco,Umeh-Chibueze,44,a,,2024-11-13T09:30:08.263810Z,100.0,0.0,0.0,,,
645,489706,3,7,31,Devenny,Justin,Devenny,45,a,,,,0.1,1.5,,2.0,3.0
646,579075,3,7,31,Agbinone,Asher,Agbinone,45,u,Loaned to Gillingham,2025-01-22T10:13:54.779905Z,0.0,0.0,0.0,,,
647,530318,3,7,31,Rodney,Kaden,Rodney,45,a,,,,0.0,0.0,,,
650,437499,2,7,31,Lacroix,Maxence,Lacroix,45,a,,2025-04-05T20:30:07.212041Z,100.0,0.9,2.8,,,
666,590012,2,7,31,Kporha,Caleb,Kporha,40,a,,,,0.0,0.0,,,
676,576980,4,7,31,Marsh,Zach,Marsh,45,a,,,,0.2,0.0,,,
730,606921,3,7,31,Esse,Romain,Esse,47,a,,2025-04-11T14:00:07.170172Z,100.0,0.1,2.8,,,
741,100044409,5,7,31,Glasner,Oliver,Glasner,8,a,,,,1.9,9.5,,,
156,440323,4,8,11,Broja,Armando,Broja,53,a,,2025-04-19T20:30:07.515553Z,100.0,0.1,0.0,,,
217,121599,3,8,11,A.Doucoure,Abdoulaye,Doucouré,51,a,,2025-02-12T22:30:09.537351Z,100.0,0.5,2.2,,,
218,486385,4,8,11,Beto,Norberto Bercique,Gomes Betuncal,48,a,,,,3.9,4.5,,,
219,480455,2,8,11,Branthwaite,Jarrad,Branthwaite,49,i,Hamstring injury - Expected back 01 Jul,2025-05-18T20:30:07.482582Z,0.0,1.9,2.2,,,
220,177815,4,8,11,Calvert-Lewin,Dominic,Calvert-Lewin,54,a,,2025-01-25T21:00:09.935532Z,100.0,1.0,1.0,1.0,,
221,59949,2,8,11,Coleman,Séamus,Coleman,43,i,Thigh injury - Expected back 01 Jun,2025-05-18T20:30:07.497165Z,0.0,0.0,0.5,,,
222,80801,3,8,11,Gana,Idrissa,Gueye,48,a,,2024-09-19T14:30:05.586621Z,100.0,0.2,2.2,,,
223,232928,3,8,11,Garner,James,Garner,49,a,,2024-10-17T14:00:07.870350Z,100.0,0.0,2.0,,2.0,
224,221399,3,8,11,Harrison,Jack,Harrison,52,a,,2024-09-19T14:30:05.601507Z,100.0,0.2,1.8,,,
225,194164,2,8,11,Holgate,Mason,Holgate,40,u,Loaned to West Bromwich Albion,2024-08-31T08:24:25.909228Z,0.0,0.1,0.0,,,
226,490094,3,8,11,Iroegbunam,Tim,Iroegbunam,43,i,Groin Injury - Expected back 01 Jun,2025-05-25T13:00:08.397954Z,0.0,0.6,0.5,,,
227,222627,1,8,11,J.Virginia,João,Neves Virgínia,38,a,,,,1.0,0.0,,,
228,106611,2,8,11,Keane,Michael,Keane,38,a,,2024-12-06T10:30:07.770742Z,100.0,4.3,4.0,,,
229,115382,4,8,11,Maupay,Neal,Maupay,49,u,Transferred to Marseille,2024-08-31T06:13:30.372925Z,0.0,0.2,0.0,,,
230,433154,3,8,11,McNeil,Dwight,McNeil,51,a,,2024-12-14T22:30:07.956313Z,100.0,1.4,5.2,,,1.0
231,224967,2,8,11,Mykolenko,Vitalii,Mykolenko,44,a,,2025-04-05T16:00:08.540143Z,100.0,6.7,6.2,,,
232,440993,4,8,11,Ndiaye,Iliman,Ndiaye,52,a,,2025-02-12T22:30:09.619740Z,100.0,1.1,4.5,,,
234,243571,2,8,11,Patterson,Nathan,Patterson,44,a,,2025-02-12T12:30:09.421305Z,100.0,0.0,0.8,,,
235,111234,1,8,11,Pickford,Jordan,Pickford,52,a,,,,15.9,5.5,,,
236,17761,2,8,11,Tarkowski,James,Tarkowski,47,i,Hamstring injury - Expected back 01 Jun,2025-04-19T21:00:07.561932Z,0.0,1.6,0.0,,,
237,491012,4,8,11,Y. Chermiti,Youssef,Ramalho Chermiti,49,a,,2025-01-04T19:30:08.340445Z,100.0,0.0,0.2,,,
238,18892,2,8,11,Young,Ashley,Young,42,a,,2024-12-23T10:00:08.166370Z,100.0,1.4,3.8,,1.0,
450,502697,3,8,11,Alcaraz,Carlos,Alcaraz Durán,47,a,,2025-02-28T11:07:29.233196Z,100.0,0.1,5.0,,,
577,463903,3,8,11,Lindstrøm,Jesper,Lindstrøm,50,i,Groin Injury - Expected back 01 Jun,2025-04-04T12:00:09.306283Z,0.0,0.1,0.0,,1.0,2.0
582,512462,2,8,11,O'Brien,Jake,O'Brien,45,a,,2025-05-11T00:30:08.339199Z,100.0,0.9,3.2,,,
603,609873,3,8,11,Armstrong,Harrison,Armstrong,44,u,Loaned to Derby County,2025-02-04T10:31:41.928684Z,0.0,0.1,0.0,,,
614,491557,3,8,11,Metcalfe,Jenson,Metcalfe,45,u,Season long loan to Chesterfield,2024-09-01T09:13:11.888586Z,0.0,0.0,0.0,,,
624,40349,1,8,11,Begovic,Asmir,Begovic,40,a,,,,0.2,0.0,,,
627,496178,2,8,11,Dixon,Roman,Dixon,39,a,,,,0.1,0.0,,,
651,179519,3,8,11,Mangala,Orel,Mangala,50,i,Knee injury - Expected back 01 Jun,2025-01-25T21:00:10.987581Z,0.0,0.0,0.0,,,
678,547801,3,8,11,Bates,Callum,Bates,45,a,,,,0.0,0.0,,,
724,536241,4,8,11,Sherif,Martin,Sherif,45,a,,,,0.1,0.0,,,
742,100000084,5,8,11,Moyes,David,Moyes,5,a,,,,5.3,10.8,,,
773,496279,3,8,11,Heath,Isaac,Heath,45,a,,,,0.0,0.0,,,
775,504296,3,8,11,Coby Ebere,Coby,Ebere,45,a,,,,0.0,0.0,,,
803,474907,2,8,11,Welch,Reece,Welch,40,a,,,,0.0,0.0,,,
10,200641,3,9,54,Nelson,Reiss,Nelson,50,i,Hamstring injury - Expected back 01 Jun,2024-12-05T00:30:07.571778Z,0.0,0.0,0.0,,,4.0
19,209289,3,9,54,Smith Rowe,Emile,Smith Rowe,50,a,,2025-04-21T04:30:07.475951Z,100.0,7.3,2.0,,,
191,174874,2,9,54,Andersen,Joachim,Andersen,42,a,,2024-12-20T17:00:08.228623Z,100.0,3.4,1.0,,,
239,159533,3,9,54,Adama,Adama,Traoré,45,a,,2025-03-03T01:00:07.621217Z,100.0,1.4,3.0,,,
240,156689,3,9,54,Andreas,Andreas,Hoelgebaum Pereira,49,a,,2024-12-14T22:00:08.101494Z,100.0,0.8,1.0,1.0,1.0,1.0
241,232892,2,9,54,Bassey,Calvin,Bassey,45,a,,2024-12-09T09:30:06.333045Z,100.0,0.6,0.8,,,
242,428971,1,9,54,Benda,Steven,Benda,39,a,,,,0.3,0.0,,,
243,76357,3,9,54,Cairney,Tom,Cairney,48,a,,2025-02-22T21:00:09.945910Z,100.0,0.0,2.2,,,
244,166477,2,9,54,Castagne,Timothy,Castagne,42,i,Ankle injury - Expected back 01 Jun,2025-05-07T22:00:07.863791Z,0.0,0.8,0.2,,,
245,219924,2,9,54,Diop,Issa,Diop,43,a,,,,0.2,0.0,,,
246,515024,3,9,54,Harris,Luke,Harris,45,u,Season long loan to Birmingham City,2024-08-06T17:24:03.566492Z,0.0,0.0,0.0,,,
247,153133,3,9,54,Iwobi,Alex,Iwobi,54,a,,,,4.9,1.8,,,
248,80201,1,9,54,Leno,Bernd,Leno,50,a,,,,2.9,3.0,,,
249,212314,3,9,54,Lukić,Saša,Lukić,48,a,,2025-05-09T16:30:08.370879Z,100.0,0.0,1.5,3.0,,2.0
250,120721,2,9,54,Mbabu,Kevin,Mbabu,40,u,Transferred to FC Midtjylland,2024-08-31T06:24:47.127908Z,0.0,0.1,0.0,,,
251,244042,4,9,54,Muniz,Rodrigo,Muniz Carvalho,55,i,Achilles injury - Expected back 01 Jun,2025-04-21T04:30:07.731276Z,0.0,1.4,0.0,,,
252,102057,4,9,54,Raúl,Raúl,Jiménez,53,a,,,,5.0,5.5,2.0,,
253,82514,2,9,54,Ream,Tim,Ream,45,u,Permanent transfer to Charlotte FC,2024-08-09T11:16:10.995330Z,0.0,0.0,0.0,,,
254,153366,3,9,54,Reed,Harrison,Reed,47,i,Calf injury - Expected back 01 Jun,2025-05-04T12:00:08.026361Z,0.0,0.0,0.2,,,
255,169528,2,9,54,Robinson,Antonee,Robinson,47,a,,2025-05-16T14:00:08.406092Z,100.0,15.2,1.0,,,
256,490146,4,9,54,Stansfield,Jay,Stansfield,50,u,Transferred to Birmingham City,2024-08-31T09:25:38.042723Z,0.0,0.0,0.0,,,
257,167074,2,9,54,Tete,Kenny,Tete,44,a,,2024-12-14T22:30:08.002508Z,100.0,0.2,0.8,,,
258,245824,4,9,54,Vinicius,Carlos Vinícius,Alves Morais,50,a,,2024-09-13T15:30:06.747794Z,100.0,0.3,0.0,,,
259,153682,3,9,54,Wilson,Harry,Wilson,52,a,,2025-01-27T01:00:08.787656Z,100.0,0.2,3.0,,3.0,3.0
579,184349,2,9,54,Sessegnon,Ryan,Sessegnon,42,a,,2024-11-29T14:30:06.735790Z,100.0,2.6,0.8,,,
586,246301,2,9,54,J.Cuenca,Jorge,Cuenca Barreno,44,a,,2024-11-29T14:30:06.749491Z,100.0,0.0,0.5,,,
604,577725,3,9,54,King,Josh,King,44,a,,,,0.1,0.8,,,
605,573062,3,9,54,Godo,Martial,Godo,44,a,,,,0.0,0.2,,,
622,207189,3,9,54,Berge,Sander,Berge,50,a,,2024-12-23T10:00:08.707768Z,100.0,0.0,1.0,,,
690,591385,2,9,54,Amissah,Samuel,Amissah,40,a,,,,0.0,0.0,,,
753,100041800,5,9,54,Silva,Marco Alexandre,Saraiva da Silva,11,a,,,,0.3,2.5,,,
772,47431,3,9,54,Willian,Willian,Borges da Silva,50,a,,,,0.0,0.5,,,
121,474120,3,10,40,Enciso,Julio,Enciso,54,a,,2025-02-15T18:30:08.525864Z,100.0,0.2,3.2,,3.0,5.0
260,462387,4,10,40,Al-Hamadi,Ali,Al-Hamadi,47,u,Loaned to Stoke City,2025-01-27T09:58:45.208139Z,0.0,0.2,0.0,2.0,,
261,517178,2,10,40,Baggott,Elkan,Baggott,40,u,Season long loan to Blackpool,2024-08-07T08:20:38.133494Z,0.0,0.0,0.0,,,
262,173818,3,10,40,Broadhead,Nathan,Broadhead,49,a,,2025-04-21T04:30:07.746088Z,100.0,0.0,2.2,3.0,1.0,
263,122411,2,10,40,Burgess,Cameron,Burgess,38,a,,2025-05-18T20:30:07.575686Z,100.0,1.8,1.5,,,
264,149929,3,10,40,Burns,Wes,Burns,47,i,Knee injury - Expected back 01 Jun,2025-01-25T21:00:10.042481Z,0.0,0.0,0.0,,,
265,196411,3,10,40,Chaplin,Conor,Chaplin,51,a,,2025-01-03T20:00:09.216849Z,100.0,0.1,1.2,,,
266,232228,2,10,40,H.Clarke,Harry,Clarke,40,u,Loaned to Sheffield United,2025-02-03T10:21:05.274215Z,0.0,0.0,0.0,,,
267,455084,2,10,40,Davis,Leif,Davis,42,a,,2025-04-21T04:30:07.768773Z,100.0,0.9,0.5,,4.0,1.0
268,463034,4,10,40,Delap,Liam,Delap,56,a,,2025-04-12T05:30:06.621186Z,100.0,3.3,1.0,,,
269,214964,2,10,40,Edmundson,George,Edmundson,40,u,Loaned to Middlesbrough,2024-08-31T08:22:49.668219Z,0.0,0.1,0.0,,,
270,449429,2,10,40,Greaves,Jacob,Greaves,38,a,,2024-11-22T17:30:09.014564Z,100.0,2.3,1.2,,,
271,167191,3,10,40,Harness,Marcus,Myers-Harness,49,u,Loaned to Derby County,2024-08-31T08:21:56.022360Z,0.0,0.0,0.0,,,
272,222625,4,10,40,Hirst,George,Hirst,54,a,,2024-11-22T17:00:09.158802Z,100.0,0.1,2.2,1.0,,
273,524180,3,10,40,Humphreys,Cameron,Humphreys,45,u,Loaned to Wycombe,2024-08-23T12:39:48.370081Z,0.0,0.0,0.0,,,
274,503301,3,10,40,Hutchinson,Omari,Giraud-Hutchinson,52,a,,2025-04-03T01:00:08.022445Z,100.0,0.3,2.8,,3.0,
275,222018,2,10,40,Johnson,Ben,Johnson,38,a,,2025-04-26T17:30:07.919562Z,100.0,1.9,0.2,,,
276,94926,4,10,40,Ladapo,Freddie,Ladapo,45,u,Mutual termination of contract,2024-08-31T06:23:26.859072Z,0.0,0.4,0.0,,,
277,106606,3,10,40,Luongo,Massimo,Luongo,43,a,,2024-12-25T22:30:08.205367Z,100.0,0.2,0.5,,,
278,74944,3,10,40,Morsy,Sam,Morsy,48,a,,2025-02-15T18:30:08.820018Z,100.0,0.1,1.8,,,
279,246265,2,10,40,Ndaba,Corrie,Ndaba,40,u,Permanent transfer to Kilmarnock,2024-08-01T06:52:12.954431Z,0.0,0.0,0.0,,,
280,434044,1,10,40,Slicker,Cieran,Slicker,39,a,,,,0.6,0.0,,,
281,231899,3,10,40,Taylor,Jack,Taylor,48,a,,2024-11-22T17:30:09.045912Z,100.0,0.0,1.2,,,
282,180804,2,10,40,Tuanzebe,Axel,Tuanzebe,39,a,,2025-04-27T12:00:08.227756Z,100.0,1.2,1.2,,,
283,108813,1,10,40,Walton,Christian,Walton,43,a,,2025-02-05T18:30:08.721535Z,100.0,0.2,0.5,,,
284,220583,2,10,40,Woolfenden,Luke,Woolfenden,39,a,,,,1.2,0.2,,,
359,155405,3,10,40,Phillips,Kalvin,Phillips,48,i,Foot injury - Expected back 01 Jun,2025-05-16T14:00:08.553588Z,0.0,0.1,0.2,,2.0,2.0
568,232917,1,10,40,Muric,Arijanet,Muric,44,i,Shoulder injury - Expected back 01 Jun,2025-04-11T14:00:07.052575Z,0.0,0.4,0.0,,,
569,481624,3,10,40,Jaden,Jaden,Philogene,53,i,Knee injury - Expected back 01 Jun,2025-04-14T08:30:08.245702Z,0.0,0.1,0.0,,,
583,108053,2,10,40,Townsend,Conor,Townsend,39,d,Hamstring injury - 25% chance of playing,2025-04-21T04:30:08.085211Z,25.0,0.5,0.0,,,
611,172453,3,10,40,Szmodics,Sam,Szmodics,57,a,,2025-03-06T03:00:08.694060Z,100.0,0.1,0.2,,,3.0
619,454667,3,10,40,Cajuste,Jens,Cajuste,45,a,,2025-02-22T21:00:10.320626Z,100.0,0.1,2.2,,,
630,216616,2,10,40,O'Shea,Dara,O'Shea,38,a,,2024-10-18T17:30:07.558521Z,100.0,1.2,1.2,,,
631,443261,3,10,40,J.Clarke,Jack,Clarke,54,a,,,,0.0,1.2,,,
632,229164,3,10,40,Ogbene,Chiedozie,Ogbene,48,i,Achilles injury - Expected back 01 Jun,2024-10-26T20:00:08.138345Z,0.0,0.0,0.0,,,
715,198826,2,10,40,Godfrey,Ben,Godfrey,40,a,,,,0.0,0.0,,,
743,100047417,5,10,40,McKenna,Kieran,McKenna,5,a,,,,0.4,1.5,,,
764,112520,1,10,40,Palmer,Alex,Palmer,45,a,,,,0.1,1.2,,,
799,547693,2,10,40,Boniface,Somto,Boniface,40,a,,,,0.0,0.0,,,
800,592712,3,10,40,Tom Taylor,Tom,Taylor,45,a,,,,0.0,0.0,,,
117,536916,3,11,13,Buonanotte,Facundo,Buonanotte,45,a,,2025-04-27T12:00:08.078339Z,100.0,0.4,2.0,,,3.0
192,80146,3,11,13,J.Ayew,Jordan,Ayew,51,a,,2024-12-27T00:30:09.361030Z,100.0,0.2,3.8,2.0,2.0,
198,199670,4,11,13,Edouard,Odsonne,Edouard,51,a,,2025-01-04T19:30:08.259088Z,100.0,0.2,0.0,,,
285,225902,3,11,13,B.Soumaré,Boubakary,Soumaré,44,a,,2024-12-09T09:30:06.376244Z,100.0,0.3,1.8,,,
286,461416,4,11,13,Cannon,Tom,Cannon,45,u,Loaned to Stoke City,2024-08-31T06:20:48.397195Z,0.0,0.3,0.0,,,
287,197469,3,11,13,Choudhury,Hamza,Choudhury,44,u,Loaned to Sheffield United,2025-01-30T11:40:47.663636Z,0.0,1.0,0.0,,,
288,94147,2,11,13,Coady,Conor,Coady,40,a,,2024-08-12T14:30:04.626270Z,100.0,0.5,5.5,,,
289,245419,4,11,13,Daka,Patson,Daka,48,a,,2024-08-12T14:30:04.636525Z,100.0,0.5,1.0,3.0,,
290,96994,3,11,13,De Cordova-Reid,Bobby,De Cordova-Reid,52,i,Muscle injury - Expected back 01 Jun,2025-04-26T18:00:08.353099Z,0.0,0.1,0.0,,,
291,218218,2,11,13,Faes,Wout,Faes,38,a,,2025-04-11T00:00:08.480230Z,100.0,5.2,4.0,,,
292,549640,3,11,13,Golding,Michael,Golding,44,a,,,,0.2,0.2,,,
293,467189,1,11,13,Hermansen,Mads,Hermansen,44,i,Groin Injury - Expected back 01 Jun,2025-05-01T12:00:08.105076Z,0.0,0.4,0.0,,,
294,207270,1,11,13,Iversen,Daniel,Iversen,39,a,,,,0.7,0.0,,,
295,220627,2,11,13,Justin,James,Justin,41,a,,2025-02-15T16:00:09.207526Z,100.0,1.2,5.0,,,
296,481510,2,11,13,Kristiansen,Victor,Kristiansen,44,a,,2025-02-10T09:30:07.256147Z,100.0,0.1,0.5,,,1.0
297,461584,3,11,13,Marcal,Wanya,Marçal-Madivádua,45,u,Loaned to De Graafschap,2024-08-31T06:21:32.289998Z,0.0,0.0,0.0,,,
298,154048,3,11,13,Mavididi,Stephy,Mavididi,50,i,Muscle injury - Expected back 01 Jun,2025-04-25T00:00:08.352936Z,0.0,0.3,0.0,4.0,1.0,
299,461587,3,11,13,McAteer,Kasey,McAteer,47,a,,2025-04-25T00:00:08.373849Z,100.0,0.0,3.5,,,
300,203341,3,11,13,Ndidi,Wilfred,Ndidi,49,a,,2024-12-09T09:30:06.387859Z,100.0,0.2,2.8,,,
301,473341,2,11,13,Okoli,Caleb,Okoli,40,a,,2025-02-22T02:00:07.447724Z,100.0,0.4,0.2,,,
302,111931,2,11,13,Ricardo,Ricardo,Barbosa Pereira,41,a,,2025-04-27T12:00:08.247138Z,100.0,0.1,0.2,,,
303,194190,2,11,13,Souttar,Harry,Souttar,40,u,Season long loan to Sheffield United,2024-08-07T08:21:01.638839Z,0.0,0.0,0.0,,,
304,436680,1,11,13,Stolarczyk,Jakub,Stolarczyk,40,a,,2024-07-25T11:00:04.015354Z,100.0,0.5,3.8,,,
305,244619,2,11,13,Thomas,Luke,Thomas,39,a,,,,1.4,4.2,,,
306,101668,4,11,13,Vardy,Jamie,Vardy,54,a,,2025-05-23T14:00:08.612311Z,100.0,5.2,5.5,1.0,,
307,93100,2,11,13,Vestergaard,Jannik,Vestergaard,39,a,,2025-02-10T09:30:07.295426Z,100.0,1.5,0.0,,,
308,95463,1,11,13,Ward,Danny,Ward,39,a,,,,2.0,0.0,,,
309,157668,3,11,13,Winks,Harry,Winks,43,a,,2024-11-23T17:30:08.809600Z,100.0,4.7,0.0,,,2.0
501,209042,3,11,13,Skipp,Oliver,Skipp,47,a,,,,0.0,1.8,,,
570,531442,3,11,13,A.Fatawu,Abdul,Fatawu,51,i,Knee injury - Expected back 01 Jun,2024-11-21T10:30:09.372550Z,0.0,0.2,0.0,,,
606,532534,3,11,13,Alves,Will,Alves,44,u,Loaned to Cardiff City,2025-02-03T18:00:25.183771Z,0.0,0.1,0.0,,,
616,501770,2,11,13,Nelson,Ben,Nelson,40,u,Loaned to Oxford United,2024-08-31T06:22:31.067773Z,0.0,0.0,0.0,,,
635,513527,3,11,13,El Khannouss,Bilal,El Khannouss,48,a,,,,0.2,3.5,,,4.0
694,531997,3,11,13,Cartwright,Henry,Cartwright,45,a,,,,0.0,0.0,,,
708,532535,2,11,13,Wilson-Brown,Thomas,Wilson-Brown,40,u,Loaned to Kilmarnock,2025-02-04T10:30:57.487547Z,0.0,0.0,0.0,,,
726,488439,2,11,13,Coulibaly,Woyo,Coulibaly,40,a,,,,0.0,0.0,,,
754,100050995,5,11,13,Van Nistelrooy,Ruud,van Nistelrooij,5,a,,,,0.5,7.5,,,
792,649208,3,11,13,Monga,Jeremy,Monga,45,a,,2025-04-12T20:00:08.688134Z,100.0,0.0,1.0,,,
796,619146,2,11,13,Olabade Aluko,Olabade,Aluko,40,a,,,,0.0,0.2,,,
797,630664,3,11,13,Jake Evans,Jake,Evans,45,a,,,,0.0,0.8,,,
802,519223,3,11,13,Braybrooke,Sammy,Braybrooke,45,a,,,,0.0,0.0,,,
310,116535,1,12,14,A.Becker,Alisson,Ramses Becker,55,a,,2025-03-22T01:00:07.863924Z,100.0,8.4,2.8,,,
311,169187,2,12,14,Alexander-Arnold,Trent,Alexander-Arnold,72,a,,2025-03-12T11:30:07.218287Z,100.0,16.7,0.5,,1.0,1.0
312,535928,3,12,14,Bajcetic,Stefan,Bajčetić Maquieira,45,u,Loaned to RB Salzburg,2024-08-31T06:19:45.092198Z,0.0,0.0,0.0,,,
313,492777,2,12,14,Bradley,Conor,Bradley,47,a,,2025-04-27T22:30:08.305429Z,100.0,1.2,1.8,,,
315,491970,3,12,14,Clark,Bobby,Clark,45,u,Transferred to RB Salzburg,2024-08-22T11:22:35.466323Z,0.0,0.0,0.0,,,
316,447203,4,12,14,Darwin,Darwin,Núñez Ribeiro,70,a,,2025-01-31T15:00:09.018032Z,100.0,1.9,1.0,3.0,,
317,194634,3,12,14,Diogo J.,Diogo,Teixeira da Silva,72,a,,2025-01-17T11:30:07.995744Z,100.0,2.6,0.8,,,
318,496208,3,12,14,Doak,Ben,Doak,45,u,Loaned to Middlesbrough,2024-08-31T06:17:31.171503Z,0.0,0.0,0.0,,,
319,444884,3,12,14,Elliott,Harvey,Elliott,52,a,,2024-09-08T23:00:06.842081Z,100.0,0.3,4.2,,,
320,158983,3,12,14,Endo,Endo,Wataru,46,a,,,,0.1,1.0,,,
321,243298,4,12,14,Gakpo,Cody,Gakpo,72,a,,2025-03-06T00:00:09.307224Z,100.0,5.4,5.0,,,
322,171287,2,12,14,Gomez,Joe,Gomez,47,a,,2025-02-12T12:30:09.561757Z,100.0,0.4,0.0,,,
323,441266,3,12,14,Gravenberch,Ryan,Gravenberch,50,s,Suspended until 23 Aug,2025-05-25T18:00:07.664729Z,0.0,0.7,0.8,,,
324,206915,3,12,14,Jones,Curtis,Jones,53,a,,2025-02-12T22:30:09.769827Z,100.0,0.2,1.8,,,
325,200720,1,12,14,Kelleher,Caoimhin,Kelleher,39,a,,,,1.2,0.0,,,
326,204716,2,12,14,Konaté,Ibrahima,Konaté,53,a,,2024-11-28T10:30:07.514061Z,100.0,7.0,1.0,,,
327,244731,3,12,14,Luis Díaz,Luis,Díaz,75,a,,2025-01-17T11:30:08.018487Z,100.0,16.8,2.8,,,
328,118748,3,12,14,M.Salah,Mohamed,Salah,136,a,,,,66.3,4.0,2.0,,
329,243016,3,12,14,Mac Allister,Alexis,Mac Allister,62,i,Lack of match fitness - Expected back 16 Aug,2025-05-19T23:30:07.967116Z,0.0,1.7,1.2,,,4.0
330,491501,3,12,14,McConnell,James,McConnell,43,a,,2024-09-10T11:24:32.362482Z,100.0,0.1,0.0,,,
331,440148,3,12,14,Morton,Tyler,Morton,44,a,,2025-02-07T16:30:07.536970Z,100.0,0.1,0.0,,,
332,197464,2,12,14,N.Phillips,Nathaniel,Phillips,40,u,Loaned to Derby County,2024-08-31T06:18:33.693343Z,0.0,0.1,0.0,,,
333,441428,2,12,14,Quansah,Jarell,Quansah,39,a,,2024-08-23T09:30:06.099816Z,100.0,1.0,-0.2,,,
334,219937,2,12,14,R.Williams,Rhys,Williams,40,u,Loaned to Morecambe,2024-08-22T11:18:16.485954Z,0.0,0.0,0.0,,,
335,122798,2,12,14,Robertson,Andrew,Robertson,58,a,,,,4.0,1.5,,,2.0
336,424876,3,12,14,Szoboszlai,Dominik,Szoboszlai,61,a,,2024-12-27T00:30:09.581631Z,100.0,2.7,3.8,,2.0,5.0
337,214285,2,12,14,Tsimikas,Konstantinos,Tsimikas,46,a,,2024-11-25T09:30:07.571904Z,100.0,0.2,0.5,,,3.0
339,97032,2,12,14,Virgil,Virgil,van Dijk,67,a,,,,25.6,2.0,,3.0,
636,223541,3,12,14,Chiesa,Federico,Chiesa,68,a,,2024-12-26T10:30:09.366339Z,100.0,0.2,0.8,,,
660,432987,1,12,14,Jaros,Vítezslav,Jaros,40,a,,,,0.1,0.0,,,
669,464353,1,12,14,Davies,Harvey,Davies,40,a,,,,0.0,0.0,,,
688,591386,3,12,14,Nyoni,Treymaurice,Nyoni,45,a,,,,0.0,0.0,,,
692,611926,2,12,14,Nallo,Amara,Nallo,40,a,,,,0.0,0.0,,,
709,500058,4,12,14,Danns,Jayden,Danns,45,u,Loaned to Sunderland,2025-02-06T23:44:42.048875Z,0.0,0.0,0.0,,,
744,100052173,5,12,14,Slot,Arne,Slot,15,a,,,,6.3,3.0,,,
340,211975,2,13,43,Akanji,Manuel,Akanji,53,a,,2025-02-12T09:00:09.174095Z,100.0,2.3,3.8,,,
341,126184,2,13,43,Aké,Nathan,Aké,53,a,,2025-03-01T21:30:09.703817Z,100.0,0.8,0.0,,,
342,165809,3,13,43,Bernardo,Bernardo,Veiga de Carvalho e Silva,61,a,,2025-03-15T22:00:08.783379Z,100.0,2.8,5.0,,,4.0
343,477555,3,13,43,Bobb,Oscar,Bobb,47,a,,2025-05-09T16:00:08.760594Z,100.0,0.1,0.2,,,
344,17601,1,13,43,Carson,Scott,Carson,39,a,,,,0.2,0.0,,,
345,61366,3,13,43,De Bruyne,Kevin,De Bruyne,95,a,,2024-09-18T23:00:07.299083Z,100.0,11.6,4.5,4.0,1.0,1.0
346,248875,3,13,43,Doku,Jérémy,Doku,62,a,,2025-01-23T00:00:08.182578Z,100.0,1.7,2.8,,,
347,121160,1,13,43,Ederson M.,Ederson,Santana de Moraes,53,a,,2025-04-12T20:00:08.389207Z,100.0,5.7,5.0,,,
348,209244,3,13,43,Foden,Phil,Foden,91,a,,2025-04-12T06:30:08.213792Z,100.0,4.6,1.2,,,3.0
349,114283,3,13,43,Grealish,Jack,Grealish,64,a,,2025-02-12T09:00:09.233925Z,100.0,0.2,0.2,,,
350,477424,2,13,43,Gvardiol,Joško,Gvardiol,65,a,,2024-10-31T02:30:07.426838Z,100.0,38.6,6.0,,,
351,223094,4,13,43,Haaland,Erling,Haaland,149,a,,2025-03-30T21:00:08.779885Z,100.0,24.0,2.5,1.0,3.0,
352,461358,4,13,43,J.Alvarez,Julián,Álvarez,70,u,Transferred to Atletico Madrid,2024-08-13T07:07:51.627006Z,0.0,0.1,0.0,,,
353,121145,2,13,43,João Cancelo,João,Cavaco Cancelo,53,u,Permanent transfer to Saudi club Al-Hilal,2024-08-29T11:05:25.670531Z,0.0,0.2,0.0,,,
354,91651,3,13,43,Kovačić,Mateo,Kovačić,54,a,,2025-05-21T00:00:08.373244Z,100.0,1.2,2.0,,,
355,477064,2,13,43,Lewis,Rico,Lewis,43,a,,2024-12-07T21:30:08.281236Z,100.0,3.5,1.8,,,
356,465351,3,13,43,Matheus N.,Matheus Luiz,Nunes,49,a,,2024-12-21T22:00:08.310190Z,100.0,0.2,3.5,,,
357,432714,3,13,43,McAtee,James,McAtee,46,a,,,,0.1,0.5,,,
358,88248,1,13,43,Ortega Moreno,Stefan,Ortega Moreno,52,a,,,,0.7,0.0,,,
360,220566,3,13,43,Rodrigo,Rodrigo 'Rodri',Hernandez,62,a,,2024-09-22T22:00:05.633631Z,100.0,0.8,0.2,,,
361,171314,2,13,43,Rúben,Rúben,Gato Alves Dias,55,a,,2025-01-23T00:00:08.203274Z,100.0,5.5,6.2,,,
362,97299,2,13,43,Stones,John,Stones,53,i,Thigh injury - Expected back 01 Jun,2025-02-21T13:30:09.715292Z,0.0,1.0,0.0,,,
363,58621,2,13,43,Walker,Kyle,Walker,51,u,Loaned to Milan,2025-01-27T09:56:49.234718Z,0.0,2.5,0.0,,,
571,510281,3,13,43,Savinho,Sávio 'Savinho',Moreira de Oliveira,60,a,,2024-10-31T02:30:07.756984Z,100.0,1.9,0.5,,4.0,6.0
607,472769,3,13,43,O’Reilly,Nico,O'Reilly,49,a,,2024-11-13T15:30:08.718593Z,100.0,0.2,0.5,,,
625,59859,3,13,43,Gündogan,Ilkay,Gündogan,63,a,,,,0.5,5.8,,2.0,2.0
626,476369,2,13,43,Kaboré,Issa,Kaboré,45,u,Loaned to Benfica,2024-09-05T10:37:05.659734Z,0.0,0.0,0.0,,,
671,516250,3,13,43,Wright,Jacob,Wright,45,u,Loaned to Norwich City,2025-02-05T21:04:28.321130Z,0.0,0.0,0.0,,,
672,554194,2,13,43,Simpson-Pusey,Jahmai,Simpson-Pusey,40,a,,2024-11-13T15:30:08.805382Z,100.0,0.0,0.0,,,
675,447880,2,13,43,Wilson-Esbrand,Josh,Wilson-Esbrand,40,u,Loaned to Stoke City,2025-01-24T10:47:24.891848Z,0.0,0.0,0.0,,,
698,487837,4,13,43,Mubama,Divin,Mubama,45,a,,,,0.1,0.0,,,
703,494307,2,13,43,Alleyne,Max,Alleyne,40,a,,,,0.0,0.0,,,
704,613120,1,13,43,Brits,Spike,Brits,40,a,,,,0.0,0.0,,,
732,578153,2,13,43,Khusanov,Abdukodir,Khusanov,50,a,,,,0.3,0.0,,,
733,616222,2,13,43,Vitor Reis,Vitor,de Oliveira Nunes dos Reis,45,a,,,,0.0,0.0,,,
736,100037973,5,13,43,Guardiola,Pep,Guardiola,15,a,,,,29.2,8.2,,,
755,438234,4,13,43,Marmoush,Omar,Marmoush,74,a,,,,22.6,3.2,,,
765,465694,3,13,43,N.Gonzalez,Nico,González,60,a,,,,0.0,2.5,,,
785,575204,3,13,43,Echeverri,Claudio,Echeverri,58,a,,,,0.0,0.2,,,
364,493250,3,14,1,Amad,Amad,Diallo,53,a,,2025-02-15T18:30:08.930349Z,100.0,4.1,5.5,,,3.0
365,467169,3,14,1,Antony,Antony Matheus,dos Santos,57,u,Loaned to Real Betis,2025-01-27T09:58:14.449507Z,0.0,0.2,0.0,,,
366,141746,3,14,1,B.Fernandes,Bruno,Borges Fernandes,84,a,,2024-12-27T00:30:09.652602Z,100.0,13.7,2.5,1.0,1.0,1.0
367,451302,1,14,1,Bayindir,Altay,Bayindir,43,a,,2025-02-14T14:30:08.406927Z,100.0,0.1,2.0,,,
368,61256,3,14,1,Casemiro,Carlos Henrique,Casimiro,46,a,,2024-11-10T23:00:08.039181Z,100.0,0.4,1.0,,,
369,216051,2,14,1,Dalot,Diogo,Dalot Teixeira,50,a,,2025-04-25T13:30:08.377875Z,100.0,4.7,0.2,,,
370,80607,3,14,1,Eriksen,Christian,Eriksen,52,a,,2024-11-01T10:30:06.566158Z,100.0,0.2,2.8,,4.0,2.0
371,37642,2,14,1,Evans,Jonny,Evans,44,a,,2025-01-14T12:00:08.993380Z,100.0,0.1,0.2,,,
372,493105,3,14,1,Garnacho,Alejandro,Garnacho,59,a,,2024-10-07T15:30:06.108745Z,100.0,4.7,3.5,,,
373,465527,3,14,1,Hannibal,Hannibal,Mejbri,45,u,Permanent move to Burnley,2024-08-30T09:47:42.727251Z,0.0,0.0,0.0,,,
374,21205,1,14,1,Heaton,Tom,Heaton,39,a,,2025-02-21T15:00:09.688681Z,100.0,0.2,0.0,,,
375,497894,4,14,1,Højlund,Rasmus,Højlund,69,a,,2024-08-05T15:00:04.427374Z,100.0,1.0,1.5,,,
376,184667,2,14,1,Lindelof,Victor,Lindelöf,43,a,,2024-12-20T17:00:08.474761Z,100.0,0.1,2.5,,,
377,95658,2,14,1,Maguire,Harry,Maguire,49,a,,2025-03-06T00:00:09.433208Z,100.0,0.8,2.2,,,
378,516895,3,14,1,Mainoo,Kobbie,Mainoo,52,a,,2025-02-17T10:00:09.757660Z,100.0,1.7,1.5,,,
379,222690,2,14,1,Malacia,Tyrell,Malacia,44,u,Loaned to PSV,2025-02-05T21:04:06.513546Z,0.0,0.0,0.0,,,
380,221820,2,14,1,Martinez,Lisandro,Martínez,43,i,Knee injury - Expected back 01 Jun,2025-02-03T02:00:08.575069Z,0.0,2.2,0.0,,,
381,195851,3,14,1,McTominay,Scott,McTominay,49,u,Transferred to Napoli,2024-08-31T06:16:49.087133Z,0.0,0.1,0.0,,,
382,184341,3,14,1,Mount,Mason,Mount,63,a,,2024-12-16T09:30:07.044661Z,100.0,0.2,3.2,,,
383,202641,1,14,1,Onana,André,Onana,49,a,,,,5.0,0.5,,,
384,488404,3,14,1,Pellistri,Facundo,Pellistri Rebollo,50,u,Transferred to Panathinaikos,2024-08-22T11:21:35.952901Z,0.0,0.0,0.0,,,
387,106760,2,14,1,Shaw,Luke,Shaw,49,a,,2025-03-31T14:00:06.529907Z,100.0,0.2,0.2,,,
389,458249,4,14,1,Zirkzee,Joshua,Zirkzee,65,a,,2025-04-14T08:30:08.062326Z,100.0,1.5,0.0,,,
572,550864,2,14,1,Yoro,Leny,Yoro,43,a,,2025-05-11T23:00:09.478063Z,100.0,0.2,0.2,,,
593,209365,2,14,1,De Ligt,Matthijs,de Ligt,48,d,Knock - 50% chance of playing,2025-05-05T07:30:08.631016Z,50.0,2.9,0.0,,,
594,230001,2,14,1,Mazraoui,Noussair,Mazraoui,42,a,,2025-01-23T23:30:09.029563Z,100.0,7.3,0.8,,,
613,490881,3,14,1,Collyer,Toby,Collyer,45,a,,2025-04-11T00:00:08.945658Z,100.0,0.0,0.0,,,
648,575034,4,14,1,Wheatley,Ethan,Wheatley,45,u,Loaned to Walsall,2025-01-27T09:59:58.864124Z,0.0,1.0,0.0,,,
652,232112,3,14,1,Ugarte,Manuel,Ugarte,49,a,,2025-03-06T00:00:09.853102Z,100.0,0.1,1.2,,,
658,606745,2,14,1,Heaven,Ayden,Heaven,40,a,,2025-04-18T15:30:08.283369Z,100.0,0.1,2.0,,,
667,547037,3,14,1,Fletcher,Jack,Fletcher,45,a,,,,0.0,0.0,,,
670,577974,2,14,1,Amass,Harry,Amass,40,a,,,,0.1,0.2,,,
673,556639,3,14,1,Fitzgerald,Jayce,Fitzgerald,45,a,,,,0.0,0.0,,,
691,576637,2,14,1,Kukonki,Godwill,Kukonki,40,a,,,,0.0,0.0,,,
745,100053636,5,14,1,Amorim,Ruben Filipe,Marques Diogo Amorim,8,a,,,,1.4,5.8,,,
761,588555,1,14,1,Harrison,Elyh,Harrison,40,a,,,,0.0,0.0,,,
766,596777,2,14,1,Dorgu,Patrick,Dorgu,45,a,,2025-02-27T08:00:10.469576Z,100.0,0.2,2.5,,,
776,596047,4,14,1,Obi,Chido,Obi-Martin,45,a,,,,0.2,0.8,,,
777,547676,2,14,1,Fredricson,Tyler,Fredricson,40,a,,,,0.0,0.0,,,
778,559684,3,14,1,Moorhouse,Jack,Moorhouse,45,a,,,,0.0,0.0,,,
779,618873,3,14,1,Koné,Sékou,Koné,45,a,,,,0.0,0.0,,,
783,439483,1,14,1,Graczyk,Hubert,Graczyk,40,a,,,,0.0,0.0,,,
788,461537,1,14,1,Dermot Mee,Dermot,Mee,40,a,,,,0.0,0.0,,,
390,545477,2,15,4,A.Murphy,Alex,Murphy,40,u,Loaned to Bolton Wanderers,2025-01-22T10:15:51.022032Z,0.0,0.5,0.0,,,
391,179018,3,15,4,Almirón,Miguel,Almirón Rejala,54,u,Loaned to Atlanta United,2025-02-03T10:23:53.692418Z,0.0,0.3,0.0,,,
392,201666,3,15,4,Barnes,Harvey,Barnes,59,a,,2025-01-12T22:00:08.256604Z,100.0,4.2,2.2,,,
393,220237,2,15,4,Botman,Sven,Botman,44,a,,2025-05-11T23:00:09.195752Z,100.0,0.0,2.5,,,
394,208706,3,15,4,Bruno G.,Bruno,Guimarães Rodriguez Moura,62,a,,2024-11-26T02:30:08.074203Z,100.0,3.0,3.2,,,
395,78916,2,15,4,Burn,Dan,Burn,46,a,,2025-02-10T09:30:07.448812Z,100.0,12.6,4.0,,,
396,67089,1,15,4,Dúbravka,Martin,Dúbravka,40,a,,2024-10-02T00:30:05.687323Z,100.0,1.3,0.0,,,
398,232826,3,15,4,Gordon,Anthony,Gordon,74,a,,2025-03-03T01:00:07.799534Z,100.0,8.0,1.8,3.0,,3.0
399,487838,2,15,4,Hall,Lewis,Hall,47,i,Foot injury - Expected back 01 Jun,2025-03-03T01:00:07.813261Z,0.0,4.4,0.0,,,2.0
400,153127,3,15,4,Hayden,Isaac,Hayden,44,u,Loaned to Portsmouth,2025-01-17T11:53:46.314664Z,0.0,0.1,0.0,,,
401,219168,4,15,4,Isak,Alexander,Isak,94,a,,2025-05-18T20:30:07.718991Z,100.0,49.4,3.2,2.0,3.0,
402,114243,3,15,4,J.Murphy,Jacob,Murphy,52,a,,2025-01-13T14:00:09.130787Z,100.0,14.3,2.5,,,
403,180974,3,15,4,Joelinton,Joelinton Cássio,Apolinário de Lira,60,i,Knee injury - Expected back 01 Jun,2025-04-27T12:00:08.326979Z,0.0,1.1,0.0,,,
404,235530,2,15,4,Kelly,Lloyd,Kelly,42,u,Loaned to Juventus,2025-02-04T10:29:36.512234Z,0.0,0.1,0.0,,,
405,111773,2,15,4,Krafth,Emil,Krafth,43,a,,2024-11-11T16:00:06.953415Z,100.0,0.1,0.2,,,
406,564510,3,15,4,Kuol,Garang,Kuol,44,a,,,,0.1,0.0,,,
407,101148,2,15,4,Lascelles,Jamaal,Lascelles,45,a,,2024-07-17T13:30:05.035452Z,100.0,0.0,0.0,,,
408,194799,2,15,4,Lewis,Jamal,Lewis,40,u,Loaned to  Sao Paulo,2024-09-05T10:35:35.180344Z,0.0,0.1,0.0,,,
409,441191,2,15,4,Livramento,Tino,Livramento,46,a,,2024-12-27T02:00:09.792616Z,100.0,8.9,3.2,,,
410,180135,3,15,4,Longstaff,Sean,Longstaff,44,a,,,,0.3,0.2,,,
411,547719,3,15,4,Miley,Lewis,Miley,50,a,,2024-07-17T13:30:05.048462Z,100.0,0.0,0.5,,,
412,111452,1,15,4,Odysseas,Odysseas,Vlachodimos,42,a,,,,0.1,0.0,,,
413,98747,1,15,4,Pope,Nick,Pope,50,a,,2024-12-13T11:30:08.088931Z,100.0,6.1,3.8,,,
414,19236,1,15,4,Ruddy,John,Ruddy,39,a,,,,0.3,0.0,,,
415,119471,2,15,4,Schär,Fabian,Schär,55,a,,2025-05-05T07:30:08.372746Z,100.0,5.0,3.5,,2.0,
416,169359,2,15,4,Targett,Matt,Targett,39,d,Hamstring injury - 50% chance of playing,2025-04-27T12:00:08.343603Z,50.0,0.3,0.0,,,
417,432422,3,15,4,Tonali,Sandro,Tonali,55,a,,2024-07-17T13:30:05.060878Z,100.0,0.9,4.2,,4.0,4.0
418,77794,2,15,4,Trippier,Kieran,Trippier,56,a,,2025-05-09T10:30:06.643856Z,100.0,4.4,0.8,,1.0,1.0
419,461484,3,15,4,White,Joe,White,45,u,Loaned to MK Dons,2024-08-31T08:20:54.098792Z,0.0,0.1,0.0,,,
420,200089,3,15,4,Willock,Joe,Willock,47,a,,2025-05-11T23:30:09.348986Z,100.0,0.1,0.5,,,
421,75115,4,15,4,Wilson,Callum,Wilson,69,a,,2024-12-12T11:30:08.753948Z,100.0,0.2,1.2,1.0,,
574,578512,2,15,4,Pivas,Miodrag,Pivaš,40,u,Loaned to Willem II,2024-09-10T11:08:18.853575Z,0.0,0.1,0.0,,,
590,538207,4,15,4,Osula,William,Osula,49,a,,,,0.2,0.5,,,
746,100038215,5,15,4,Howe,Eddie,Howe,15,a,,,,2.8,3.5,,,
789,599303,4,15,4,Neave,Sean,Neave,45,a,,,,0.0,0.0,,,
26,106468,2,16,17,Alex Moreno,Álex,Moreno Lopera,42,a,,2025-04-01T21:30:07.812085Z,100.0,0.4,0.0,,,
422,159506,2,16,17,Aina,Ola,Aina,53,a,,2025-04-01T22:30:08.809939Z,100.0,13.0,1.0,,,
423,215379,3,16,17,Anderson,Elliot,Anderson,50,a,,2024-11-13T15:30:08.535910Z,100.0,0.3,1.4,,,3.0
424,210156,4,16,17,Awoniyi,Taiwo,Awoniyi,55,i,Abdominal injury - Expected back 01 Jun,2025-05-16T14:00:08.726296Z,0.0,0.3,0.4,,,
425,90585,2,16,17,Boly,Willy,Boly,42,a,,2024-09-11T12:30:07.170970Z,100.0,0.1,0.0,,,
426,245830,3,16,17,Bowler,Josh,Bowler,45,u,Loaned to  Preston North End,2024-08-31T08:19:22.292913Z,0.0,0.0,0.0,,,
427,475123,1,16,17,C.Miguel,Carlos Miguel,dos Santos Pereira,41,a,,2025-02-14T12:30:08.621523Z,100.0,0.1,0.0,,,
428,569014,3,16,17,Da Silva Moreira,Eric,da Silva Moreira,43,a,,,,0.1,0.0,,,
429,513046,3,16,17,Danilo,Danilo,dos Santos de Oliveira,47,a,,2024-08-17T20:00:06.172553Z,100.0,0.0,0.2,,,
430,230251,4,16,17,Dennis,Emmanuel,Dennis,49,u,Loaned to Blackburn Rovers,2025-02-04T10:29:11.830830Z,0.0,0.2,0.0,,,
431,250199,3,16,17,Dominguez,Nicolás,Domínguez,48,a,,2024-12-21T21:30:08.505388Z,100.0,0.0,1.6,,,
432,449434,3,16,17,Elanga,Anthony,Elanga,55,a,,2025-04-05T20:30:07.053074Z,100.0,9.4,3.6,,4.0,2.0
433,222531,3,16,17,Gibbs-White,Morgan,Gibbs-White,65,a,,2025-03-30T02:00:09.046182Z,100.0,7.4,5.6,2.0,2.0,
434,209046,3,16,17,Hudson-Odoi,Callum,Hudson-Odoi,51,a,,2025-05-01T23:00:08.500281Z,100.0,1.2,0.6,,,
435,244930,3,16,17,Mighten,Alex,Mighten,45,u,Season long loan to Port Vale,2024-08-29T11:09:56.647313Z,0.0,0.0,0.0,,,
436,575476,2,16,17,Murillo,Murillo,Santiago Costa dos Santos,47,a,,2025-05-23T14:00:08.714469Z,100.0,4.1,2.8,,3.0,
437,215136,2,16,17,N.Williams,Neco,Williams,45,a,,,,4.0,2.4,,5.0,
438,204822,2,16,17,O.Richards,Omar,Richards,45,u,Loaned to Rio Ave,2024-08-22T11:19:23.101534Z,0.0,0.0,0.0,,,
439,243345,3,16,17,O'Brien,Lewis,O'Brien,50,u,On loan to Los Angeles Football Club for the rest of the season,2024-08-01T07:01:57.624673Z,0.0,0.0,0.0,,,
440,466404,2,16,17,Omobamidele,Andrew,Omobamidele,42,u,Loaned to Strasbourg,2025-01-27T09:57:41.248653Z,0.0,0.0,0.0,,,
441,209035,2,16,17,Panzo,Jonathan,Panzo,40,u,On a season long loan to Rio Ave,2024-07-18T09:44:17.568948Z,0.0,0.0,0.0,,,
442,210462,3,16,17,Sangaré,Ibrahim,Sangaré,43,a,,2024-09-12T15:00:06.800627Z,100.0,1.2,1.6,,,
443,85633,1,16,17,Sels,Matz,Sels,52,a,,2024-10-12T11:00:07.468908Z,100.0,19.9,1.8,,,
444,114241,2,16,17,Toffolo,Harry,Toffolo,42,a,,,,0.1,0.0,,,
446,201440,4,16,17,Ui-jo,Hwang,Ui-jo,45,u,Transferred to Alanyaspor,2024-09-10T11:39:20.038647Z,0.0,0.8,0.0,,,
447,60689,4,16,17,Wood,Chris,Wood,72,a,,2025-03-24T12:00:09.547312Z,100.0,30.8,3.2,1.0,,
448,208912,2,16,17,Worrall,Joe,Worrall,45,u,Transferred to Burnley,2024-08-26T10:09:19.430328Z,0.0,0.0,0.0,,,
449,204968,3,16,17,Yates,Ryan,Yates,48,a,,2024-12-27T00:30:09.776071Z,100.0,0.1,1.0,,,
573,227444,2,16,17,Milenković,Nikola,Milenković,52,a,,,,18.0,2.8,,,
596,510500,3,16,17,Jota Silva,João Pedro,Ferreira Silva,59,a,,2024-11-01T10:30:06.942890Z,100.0,0.1,0.8,,,
620,502222,3,16,17,Sosa,Ramón,Sosa,55,a,,,,0.1,0.4,,,
653,485047,2,16,17,Morato,Felipe,Rodrigues da Silva,45,a,,,,0.1,0.0,,,
706,549067,2,16,17,Abbott,Zach,Abbott,40,a,,,,0.0,0.0,,,
721,20066,1,16,17,Hennessey,Wayne,Hennessey,40,a,,,,0.0,0.0,,,
747,100041808,5,16,17,Nuno,Nuno Herlander,Simões Espírito Santo,11,a,,,,5.0,3.4,,,
14,225321,1,17,20,Ramsdale,Aaron,Ramsdale,44,a,,2025-01-24T00:00:09.434398Z,100.0,1.3,3.8,,,
27,433979,4,17,20,Archer,Cameron,Archer,48,a,,,,1.1,1.0,2.0,,
188,503714,3,17,20,Ugochukwu,Lesley,Ugochukwu,44,a,,2025-04-03T09:30:07.026958Z,100.0,0.3,0.8,,,
397,90105,3,17,20,Fraser,Ryan,Fraser,48,a,,2025-01-31T16:00:09.299719Z,100.0,0.0,0.0,,,
451,499724,3,17,20,Amo-Ameyaw,Samuel,Amo-Ameyaw,44,u,Loaned to Strasbourg,2025-02-04T23:53:50.935089Z,0.0,0.1,0.0,,,
452,193204,3,17,20,Aribo,Joe,Aribo,49,a,,,,0.1,0.5,,,
453,155511,4,17,20,Armstrong,Adam,Armstrong,51,u,Loaned to West Bromwich Albion,2025-02-05T21:03:18.824040Z,0.0,0.5,0.0,1.0,,
454,456350,1,17,20,Bazunu,Gavin,Bazunu,43,u,Loaned to Standard Liège,2025-02-04T10:28:52.236829Z,0.0,0.1,0.0,,,
455,171771,2,17,20,Bednarek,Jan,Bednarek,40,d,Knee injury - 25% chance of playing,2025-05-18T20:30:07.797324Z,25.0,1.9,2.0,,,
456,477386,2,17,20,Bella-Kotchap,Armel,Bella-Kotchap,39,a,,,,0.4,0.0,,,
457,184386,2,17,20,Bree,James,Bree,39,a,,2025-03-06T23:00:09.750819Z,100.0,0.3,1.8,,,
458,463210,3,17,20,Charles,Shea,Charles,45,u,Has joined Sheffield Wednesday on a season-long loan,2024-08-29T11:10:39.600629Z,0.0,0.0,0.0,,,
459,490503,3,17,20,Edozie,Samuel,Edozie,49,u,Loaned to Anderlecht,2024-09-10T11:28:17.403794Z,0.0,0.0,0.0,,,
460,500926,2,17,20,Edwards,Ronnie,Edwards,39,u,Season-long loan to QPR,2025-01-06T22:34:19.628107Z,0.0,0.2,0.0,,,
461,245719,2,17,20,Harwood-Bellis,Taylor,Harwood-Bellis,39,i,Ankle injury - Expected back 01 Jun,2025-05-18T20:30:07.810049Z,0.0,4.1,1.8,,,
462,504783,3,17,20,Kamaldeen,Kamaldeen,Sulemana,50,a,,2025-01-24T00:00:09.946289Z,100.0,0.0,1.5,,,
463,39155,3,17,20,Lallana,Adam,Lallana,50,a,,2025-02-14T12:30:08.682021Z,100.0,0.0,0.0,,,
464,515571,2,17,20,Larios,Juan,Larios López,39,a,,2024-11-29T12:00:07.896449Z,100.0,0.1,0.0,,,
465,200428,1,17,20,Lis,Mateusz,Lis,40,u,Transferred to Göztepe,2024-08-23T12:38:57.742902Z,0.0,0.1,0.0,,,
466,167888,1,17,20,Lumley,Joe,Lumley,40,a,,,,0.4,0.0,,,
467,204863,2,17,20,Manning,Ryan,Manning,43,a,,2025-04-03T09:30:07.442210Z,100.0,0.1,0.5,,,1.0
468,476888,4,17,20,Mara,Sékou,Mara,50,u,Transferred to Strasbourg,2024-08-26T10:17:11.280625Z,0.0,0.0,0.0,,,
469,58376,1,17,20,McCarthy,Alex,McCarthy,42,a,,,,0.1,0.0,,,
470,147611,4,17,20,Onuachu,Paul,Onuachu,49,a,,2025-04-27T12:00:08.363168Z,100.0,0.3,0.5,,,
471,214466,3,17,20,Smallbone,Will,Smallbone,50,a,,2025-03-14T15:00:07.572220Z,100.0,0.0,1.0,,1.0,2.0
472,88900,2,17,20,Stephens,Jack,Stephens,40,a,,2025-02-01T22:30:08.453428Z,100.0,0.3,1.8,,,
473,230348,4,17,20,Stewart,Ross,Stewart,44,a,,2024-10-05T18:00:07.268831Z,100.0,1.7,3.0,,,
474,219279,2,17,20,Sugawara,Sugawara,Yukinari,42,a,,2024-10-20T11:00:06.390070Z,100.0,0.1,0.2,,2.0,
475,103914,2,17,20,Taylor,Charlie,Taylor,39,a,,2025-04-11T00:00:08.771183Z,100.0,3.0,0.2,,,
476,158534,2,17,20,Walker-Peters,Kyle,Walker-Peters,42,d,Illness - 25% chance of playing,2025-05-11T00:30:08.181283Z,25.0,0.3,0.2,,,
477,244845,2,17,20,Wood,Nathan,Wood-Gordon,39,a,,2025-01-31T16:00:09.413287Z,100.0,1.0,0.2,,,
515,149519,3,17,20,Cornet,Maxwel,Cornet,47,u,Loaned to Genoa,2025-01-22T10:14:43.133544Z,0.0,0.0,0.0,,,
518,220585,3,17,20,Downes,Flynn,Downes,47,a,,2025-04-02T22:00:08.792867Z,100.0,0.0,1.8,,,
584,204814,3,17,20,Brereton Díaz,Ben,Brereton Díaz,48,u,Loaned to Sheffield United,2025-01-22T10:11:54.592530Z,0.0,0.1,0.0,,,
608,496661,3,17,20,Dibling,Tyler,Dibling,43,a,,2025-01-16T23:00:08.124193Z,100.0,1.4,1.5,,,4.0
623,551226,3,17,20,M.Fernandes,Mateus Gonçalo,Espanha Fernandes,50,a,,2024-12-30T09:30:07.304371Z,100.0,0.1,3.0,,3.0,3.0
693,545508,3,17,20,O'Brien-Whitmarsh,Joseph,O'Brien-Whitmarsh,45,u,Loaned to Accrington Stanley,2025-02-04T10:28:24.963013Z,0.0,0.0,0.0,,,
718,500016,2,17,20,Welington,Welington Damascena,Santos,40,a,,,,0.0,2.0,,,
719,620408,2,17,20,Kayi Sanda,Joachim,Kayi-Sanda,40,a,,,,0.0,0.5,,,
734,494779,3,17,20,Grønbæk,Albert,Grønbæk,49,d,Achilles injury - 25% chance of playing,2025-05-23T14:00:08.950082Z,25.0,0.0,0.0,,,
748,100047426,5,17,20,Rusk,Simon,Rusk,5,a,,2025-04-15T20:27:42.298703Z,100.0,0.1,2.8,,,
798,495024,4,17,20,Jay Robinson,Jay,Robinson,44,a,,,,0.0,1.0,,,
804,494551,2,17,20,Moore,Jayden,Moore,40,a,,,,0.0,0.0,,,
82,154566,4,18,6,Solanke,Dominic,Solanke-Mitchell,73,a,,2025-05-01T23:00:07.858271Z,100.0,4.7,2.0,,,
478,548308,2,18,6,A.Phillips,Ashley,Phillips,40,u,Loaned to Stoke City,2024-08-26T10:10:07.966773Z,0.0,0.1,0.0,,,
479,214572,1,18,6,Austin,Brandon,Austin,40,a,,,,0.4,0.0,,,
480,202993,3,18,6,Bentancur,Rodrigo,Bentancur,49,a,,2025-02-17T10:00:09.911033Z,100.0,0.1,0.5,,,
481,570526,3,18,6,Bergvall,Lucas,Bergvall,44,i,Ankle injury - Expected back 01 Jun,2025-05-01T23:00:08.545135Z,0.0,0.8,0.0,,,
482,227127,3,18,6,Bissouma,Yves,Bissouma,48,a,,2025-05-24T20:00:08.632607Z,100.0,0.2,1.2,,,
483,436234,3,18,6,Bryan,Bryan,Gil Salvatierra,50,u,On loan to Girona for the season,2024-07-31T11:08:25.895794Z,0.0,0.0,0.0,,,
484,115556,2,18,6,Davies,Ben,Davies,43,a,,2025-02-25T12:30:09.810172Z,100.0,0.2,0.5,,,
485,496179,3,18,6,Devine,Alfie,Devine,45,u,Loaned to Westerlo,2024-09-10T11:37:22.522366Z,0.0,0.0,0.0,,,
486,493125,2,18,6,Dragusin,Radu,Drăgușin,43,i,Knee injury - Expected back 01 Jun,2025-01-31T15:00:09.267677Z,0.0,0.1,0.0,,,
487,241157,2,18,6,E.Royal,Emerson,Leite de Souza Junior,45,u,Transferred to AC Milan,2024-08-13T07:06:12.490889Z,0.0,0.0,0.0,,,
488,40383,1,18,6,Forster,Fraser,Forster,43,a,,,,0.3,0.0,,,
489,547701,3,18,6,Gray,Archie,Gray,46,a,,2024-12-02T00:00:08.747842Z,100.0,0.2,1.8,,,
490,132015,3,18,6,Højbjerg,Pierre-Emile,Højbjerg,50,u,On loan to Marseille for the season,2024-07-23T11:58:08.802970Z,0.0,0.0,0.0,,,
491,242898,3,18,6,Johnson,Brennan,Johnson,62,a,,2025-01-17T15:00:07.684598Z,100.0,2.3,0.8,,,
492,445044,3,18,6,Kulusevski,Dejan,Kulusevski,62,i,Knee injury - Expected back 01 Jun,2025-05-11T23:00:09.341216Z,0.0,2.2,0.8,,,3.0
493,200826,3,18,6,Lo Celso,Giovani,Lo Celso,49,u,Transferred to Real Betis,2024-08-31T06:14:45.936781Z,0.0,0.0,0.0,,,
494,172780,3,18,6,Maddison,James,Maddison,74,i,Knee injury - Expected back 01 Jun,2025-05-01T23:00:08.579870Z,0.0,3.8,0.0,2.0,2.0,1.0
495,441164,2,18,6,Pedro Porro,Pedro,Porro,52,a,,2024-08-19T23:00:06.196679Z,100.0,16.5,-0.2,,1.0,2.0
496,199249,2,18,6,Reguilón,Sergio,Reguilón,41,a,,,,0.2,0.2,,,
497,212319,4,18,6,Richarlison,Richarlison,de Andrade,68,a,,2025-04-02T14:30:08.597402Z,100.0,0.4,1.0,2.0,,
498,221632,2,18,6,Romero,Cristian,Romero,49,i,Toe Injury - Expected back 01 Jun,2025-05-24T20:00:08.677502Z,0.0,3.5,0.0,,,
499,482442,3,18,6,P.M.Sarr,Pape Matar,Sarr,47,a,,2025-01-24T00:00:10.023844Z,100.0,0.2,1.5,,,
500,490145,4,18,6,Scarlett,Dane,Scarlett,44,a,,2025-05-11T23:30:09.456975Z,100.0,0.7,0.0,,,
502,235674,3,18,6,Solomon,Manor,Solomon,54,u,Season long loan to Leeds United,2024-08-29T11:11:30.036154Z,0.0,0.0,0.0,,,
503,85971,3,18,6,Son,Son,Heung-min,97,d,Foot injury - 25% chance of playing,2025-05-24T20:00:08.711465Z,25.0,4.1,0.8,1.0,,4.0
504,232859,2,18,6,Spence,Djed,Spence,44,a,,2025-01-24T12:30:09.092907Z,100.0,0.7,1.0,,,
505,487053,2,18,6,Udogie,Destiny,Udogie,48,a,,2024-12-30T09:30:07.165603Z,100.0,1.5,0.0,,,
506,491279,2,18,6,Van de Ven,Micky,van de Ven,45,a,,2025-02-14T14:30:08.767065Z,100.0,2.4,0.2,,,
507,536908,4,18,6,Veliz,Alejo,Véliz,50,u,Loaned to Espanyol,2024-08-10T12:19:41.352153Z,0.0,0.0,0.0,,,
508,184254,1,18,6,Vicario,Guglielmo,Vicario,48,a,,2024-11-26T00:00:08.341528Z,100.0,1.8,0.8,,,
509,165153,3,18,6,Werner,Timo,Werner,62,d,Hamstring injury - 25% chance of playing,2025-05-24T20:00:08.728150Z,25.0,0.1,0.0,,,
510,175941,1,18,6,Whiteman,Alfie,Whiteman,39,a,,,,1.7,0.0,,,
609,552427,4,18,6,Lankshear,Will,Lankshear,45,u,Loaned to West Bromwich Albion,2025-02-06T23:45:33.840689Z,0.0,1.0,0.0,,,
610,499721,3,18,6,Moore,Mikey,Moore,45,a,,2024-11-07T09:00:08.150966Z,100.0,0.2,1.2,,,
612,550839,3,18,6,Odobert,Wilson,Odobert,53,a,,2024-10-30T12:00:07.631102Z,100.0,0.0,3.8,,,
683,499726,3,18,6,Olusesi,Callum,Olusesi,45,a,,,,0.0,0.0,,,
684,611920,2,18,6,Hardy,Malachi,Hardy,40,a,,,,0.0,0.0,,,
689,611917,3,18,6,Williams-Barnett,Luca,Williams-Barnett,45,u,U18 team,2025-01-17T11:48:35.885884Z,0.0,0.0,0.0,,,
699,519321,2,18,6,Dorrington,Alfie,Dorrington,40,u,Loaned to Aberdeen,2025-01-17T12:26:25.866937Z,0.0,0.0,0.0,,,
700,592736,2,18,6,King,Maeson,King,40,a,,,,0.0,0.0,,,
716,485055,1,18,6,Kinsky,Antonín,Kinsky,41,a,,,,0.1,1.2,,,
717,623095,3,18,6,Yang,Min-Hyeok,Yang,45,u,Loaned to Queens Park Rangers,2025-02-03T10:24:52.232670Z,0.0,0.0,0.0,,,
729,574799,3,18,6,Ajayi,Damola,Ajayi,45,a,,,,0.0,0.0,,,
749,100041880,5,18,6,Postecoglou,Ange,Postecoglou,11,a,,,,1.3,1.2,,,
760,501620,2,18,6,Cassanova,Dante,Cassanova,40,a,,,,0.0,0.0,,,
767,135720,2,18,6,Danso,Kevin,Danso,44,a,,2025-03-12T22:00:09.466097Z,100.0,0.0,1.0,,,
768,511499,3,18,6,Tel,Mathys,Tel,58,a,,,,0.1,3.0,,,
123,487117,4,19,21,Ferguson,Evan,Ferguson,55,a,,2025-04-19T20:30:07.421417Z,100.0,0.3,0.2,,5.0,
388,214590,2,19,21,Wan-Bissaka,Aaron,Wan-Bissaka,45,a,,2025-04-17T16:00:08.340512Z,100.0,6.4,6.2,,,
511,213999,3,19,21,Álvarez,Edson,Álvarez Velázquez,50,a,,2025-04-25T00:00:08.647370Z,100.0,0.1,0.8,,,
512,57531,4,19,21,Antonio,Michail,Antonio,52,i,Leg injury - Unknown return date,2024-12-09T17:00:08.418178Z,0.0,0.8,0.0,,,
513,84182,1,19,21,Areola,Alphonse,Areola,42,a,,2025-01-16T22:00:08.950625Z,100.0,7.2,3.0,,,
514,178186,3,19,21,Bowen,Jarrod,Bowen,79,a,,2024-12-30T09:30:07.187593Z,100.0,18.0,9.5,4.0,,2.0
516,164555,2,19,21,Coufal,Vladimír,Coufal,41,a,,2025-02-21T03:30:10.428614Z,100.0,0.4,2.0,,,
517,55459,2,19,21,Cresswell,Aaron,Cresswell,39,a,,2024-08-30T04:00:05.718151Z,100.0,1.7,2.2,,2.0,
519,490885,3,19,21,Earthy,George,Earthy,45,u,Loaned to Bristol City,2024-08-16T11:57:26.531525Z,0.0,0.0,0.0,,,
520,109533,2,19,21,Emerson,Emerson,Palmieri dos Santos,44,a,,2025-01-04T22:00:07.811285Z,100.0,0.6,0.8,,1.0,3.0
521,37096,1,19,21,Fabianski,Łukasz,Fabiański,39,a,,2024-12-27T02:00:09.942808Z,100.0,10.0,0.8,,,
522,82143,1,19,21,Foderingham,Wes,Foderingham,42,a,,,,0.1,0.0,,,
523,84939,4,19,21,Ings,Danny,Ings,48,a,,2024-12-04T09:30:08.866937Z,100.0,1.2,0.0,,,
524,214048,2,19,21,Kilman,Max,Kilman,43,a,,2024-12-27T02:00:09.960422Z,100.0,1.3,2.5,,,
525,460842,3,19,21,Kudus,Mohammed,Kudus,62,a,,2025-04-02T19:00:08.867939Z,100.0,2.6,4.0,,,
526,577114,3,19,21,L.Guilherme,Luis Guilherme,Lira dos Santos,46,a,,,,0.0,0.2,,,
527,224024,3,19,21,L.Paquetá,Lucas,Tolentino Coelho de Lima,57,a,,2025-02-21T03:30:10.447243Z,100.0,0.9,0.5,1.0,3.0,
528,233963,2,19,21,Mavropanos,Konstantinos,Mavropanos,43,a,,2025-01-18T19:00:08.794269Z,100.0,0.1,1.0,,,
529,210494,2,19,21,N.Aguerd,Nayef,Aguerd,44,u,On loan to Real Sociedad for the season,2024-09-01T09:10:50.538029Z,0.0,0.0,0.0,,,
530,215439,3,19,21,Souček,Tomáš,Souček,48,a,,2024-12-27T00:30:09.920421Z,100.0,1.5,3.8,,,
531,101178,3,19,21,Ward-Prowse,James,Ward-Prowse,61,a,,2024-10-25T22:30:06.650947Z,100.0,0.5,3.5,,1.0,1.0
532,103192,2,19,21,Zouma,Kurt,Zouma,44,u,On loan to Al-Orobah for the rest of the season,2024-09-02T10:44:47.323774Z,0.0,0.1,0.0,,,
576,229384,3,19,21,Irving,Andy,Irving,47,a,,,,0.0,0.0,,,
587,450070,3,19,21,Summerville,Crysencio,Summerville,55,i,Hamstring injury - Expected back 01 Jun,2025-01-11T01:30:09.528172Z,0.0,0.3,0.0,,,5.0
588,197024,3,19,21,G.Rodríguez,Guido,Rodríguez,48,a,,2024-12-27T00:30:09.990636Z,100.0,0.1,1.8,,,
589,91889,4,19,21,Füllkrug,Niclas,Füllkrug,67,a,,2025-01-11T01:30:09.545595Z,100.0,0.9,1.5,,,
591,462116,2,19,21,Todibo,Jean-Clair,Todibo,42,a,,2025-01-04T22:00:07.950161Z,100.0,0.3,2.5,,,
643,518438,2,19,21,Casey,Kaelan,Casey,40,a,,2024-11-30T22:00:08.284898Z,100.0,0.2,0.0,,,
654,224860,3,19,21,C.Soler,Carlos,Soler,50,a,,2024-12-27T02:00:10.148689Z,100.0,0.0,0.5,,4.0,4.0
677,536109,2,19,21,Scarles,Ollie,Scarles,40,a,,,,0.1,0.5,,,
686,602903,2,19,21,Mayers,Ezra,Mayers,40,a,,,,0.0,0.0,,,
701,518442,3,19,21,Orford,Lewis,Orford,45,a,,,,0.0,0.0,,,
750,100046435,5,19,21,Potter,Graham,Potter,5,a,,,,2.6,6.0,,,
204,101982,1,20,39,Johnstone,Sam,Johnstone,41,i,Knock - Unknown return date,2025-04-18T15:30:07.848146Z,0.0,0.2,0.0,,,
533,448514,2,20,39,Aït-Nouri,Rayan,Aït-Nouri,51,a,,2024-12-14T21:30:08.057496Z,100.0,15.0,1.2,,,
534,476502,3,20,39,B.Traore,Boubacar,Traoré,48,a,,2025-01-14T13:30:09.399865Z,100.0,0.0,0.0,,,
535,231057,3,20,39,Bellegarde,Jean-Ricner,Bellegarde,49,a,,2025-04-14T08:30:08.180694Z,100.0,0.2,2.2,,1.0,
536,79602,1,20,39,Bentley,Daniel,Bentley,39,a,,,,1.7,0.5,,,
537,510363,3,20,39,Chiquinho,Francisco Jorge,Tomás Oliveira,45,u,Season long loan to RCD Mallorca,2024-09-01T09:12:21.111329Z,0.0,0.1,0.0,,,
538,497606,3,20,39,Chirewa,Tawanda,Chirewa,45,u,Loaened to Derby County,2024-08-27T08:37:28.318365Z,0.0,0.0,0.0,,,
539,589507,4,20,39,Chiwome,Leon,Chiwome,44,i,Knee injury - Expected back 01 Jun,2025-02-05T18:30:09.160636Z,0.0,1.1,0.0,,,
540,245923,3,20,39,Cundle,Luke,Cundle,45,u,Loaned to Millwall,2025-02-03T10:24:24.082682Z,0.0,0.1,0.0,,,
541,430871,4,20,39,Cunha,Matheus,Santos Carneiro Da Cunha,70,a,,2025-03-01T21:30:10.092930Z,100.0,13.6,1.2,3.0,3.0,1.0
542,60232,2,20,39,Dawson,Craig,Dawson,42,a,,2025-01-07T00:00:08.842045Z,100.0,0.1,0.0,,,
543,87835,2,20,39,Doherty,Matt,Doherty,43,a,,2025-04-14T08:30:08.200855Z,100.0,0.3,1.2,,,
544,220394,3,20,39,Doyle,Tommy,Doyle,47,a,,,,0.0,0.0,,,
545,449988,4,20,39,Fábio Silva,Fábio,Silva,50,u,Season long loan to Las Palmas,2024-08-30T20:53:22.805927Z,0.0,0.1,0.0,,,
546,531363,4,20,39,Fraser,Nathan,Fraser,45,u,Loaned to Zulte Waregem,2024-08-26T10:19:49.301076Z,0.0,1.0,0.0,,,
547,593001,3,20,39,Gonzalez,Enso,González,44,i,Knee injury - Unknown return date,2024-08-05T15:00:04.514369Z,0.0,0.0,0.0,,,
548,181284,3,20,39,Guedes,Gonçalo Manuel,Ganchinho Guedes,53,a,,2025-02-22T21:30:09.805820Z,100.0,0.1,1.5,,,
549,490721,2,20,39,H.Bueno,Hugo,Bueno López,45,u,Loaned to Feyenoord,2024-08-14T08:32:21.592368Z,0.0,0.0,0.0,,,
550,184754,3,20,39,Hee Chan,Hwang,Hee-chan,61,a,,2025-05-09T16:30:08.831398Z,100.0,0.2,0.5,1.0,,
551,240299,3,20,39,Hodge,Joe,Hodge,45,u,Season long to Huddersfield Town,2024-08-29T11:12:19.576028Z,0.0,0.2,0.0,,,
552,441271,2,20,39,Hoever,Ki-Jana,Hoever,40,u,Loaned to Auxerre,2024-08-26T10:11:13.033350Z,0.0,0.1,0.0,,,
553,448089,3,20,39,J.Gomes,João Victor,Gomes da Silva,49,a,,2025-01-25T20:30:09.446646Z,100.0,0.2,1.2,,,
554,149065,1,20,39,José Sá,José,Malheiro de Sá,44,a,,2025-04-21T04:30:08.014170Z,100.0,2.8,1.8,,,
555,429414,4,20,39,Kalajdžić,Saša,Kalajdžić,48,i,Knee injury - Unknown return date,2024-08-22T10:59:37.463254Z,0.0,0.0,0.0,,,
556,138001,1,20,39,King,Tom,King,39,a,,,,1.2,0.2,,,
557,151086,3,20,39,Mario Jr.,Mario,Lemina,48,u,Loaned to Galatasaray,2025-02-06T23:46:06.386435Z,0.0,0.1,0.0,,,
558,501837,2,20,39,Mosquera,Yerson,Mosquera,38,i,Knee injury - Expected back 01 Jun,2024-09-21T20:30:06.017799Z,0.0,0.7,0.0,,,
559,200402,2,20,39,N.Semedo,Nélson,Cabral Semedo,45,a,,2025-01-07T00:00:08.891873Z,100.0,0.6,1.0,,,
561,641221,2,20,39,Pedro Lima,Pedro,Cardoso de Lima,39,a,,2025-04-11T14:00:07.039617Z,100.0,1.2,0.0,,,
562,200600,3,20,39,Podence,Daniel,Castelo Podence,55,u,Transferred to Al-Shabab,2024-09-05T10:36:18.217223Z,0.0,0.0,0.0,,,
563,483081,3,20,39,R.Gomes,Rodrigo,Martins Gomes,51,a,,2025-02-17T10:00:10.093003Z,100.0,0.1,1.2,,,
564,231480,2,20,39,S.Bueno,Santiago,Bueno,43,a,,2024-11-21T08:30:09.504880Z,100.0,0.1,0.5,,,
565,88484,3,20,39,Sarabia,Pablo,Sarabia,50,a,,2024-12-06T10:30:08.162176Z,100.0,0.1,1.0,2.0,2.0,2.0
566,247412,4,20,39,Strand Larsen,Jørgen,Strand Larsen,52,a,,2025-05-23T14:00:08.849362Z,100.0,2.6,4.0,,,
567,510362,2,20,39,Toti,Toti António,Gomes,43,a,,2024-12-30T09:30:07.264222Z,100.0,0.3,1.0,,,
637,560248,2,20,39,Meupiyou,Bastien,Meupiyou,39,a,,2024-09-15T23:00:06.387765Z,100.0,0.2,0.0,,,
642,509291,3,20,39,André,André,Trindade da Costa Neto,50,a,,2024-12-30T09:30:07.327372Z,100.0,0.0,1.8,,,
655,463212,3,20,39,Forbs,Carlos Roberto,Forbs Borges,54,a,,2025-01-25T21:00:11.019183Z,100.0,0.0,0.0,,,
664,517179,2,20,39,Pond,Alfie,Pond,39,a,,,,0.7,0.0,,,
682,596054,3,20,39,Edozie,Tom,Edozie,45,a,,,,0.0,0.0,,,
711,613467,2,20,39,Okoduwa,Wes,Okoduwa,40,a,,,,0.0,0.0,,,
720,516939,2,20,39,Agbadou,Emmanuel,Agbadou,40,a,,2025-02-17T10:00:10.280621Z,100.0,0.4,2.5,,,
751,100040854,5,20,39,Pereira,Vítor Manuel,de Oliveira Lopes Pereira,8,a,,,,2.3,2.8,,,
769,531170,2,20,39,Djiga,Nasser,Djiga,45,a,,,,0.0,0.0,,,
770,433312,3,20,39,Munetsi,Marshall,Munetsi,50,a,,2025-03-09T23:00:09.898129Z,100.0,0.1,3.5,,,
784,647671,4,20,39,Mané,Mateus,Mané,45,a,,,,0.1,0.2,,,
