code,event,finished,finished_provisional,id,kickoff_time,minutes,provisional_start_time,started,team_a,team_a_score,team_h,team_h_score,team_h_difficulty,team_a_difficulty,pulse_id
2561895,1,True,True,1,2025-08-15T19:00:00Z,90,False,True,4,2,12,4,3,4,124791
2561896,1,True,True,2,2025-08-16T11:30:00Z,90,False,True,15,0,2,0,3,4,124792
2561897,1,True,True,3,2025-08-16T14:00:00Z,90,False,True,10,1,6,1,3,4,124793
2561900,1,True,True,6,2025-08-16T14:00:00Z,90,False,True,3,0,18,3,1,3,124796
2561899,1,True,True,5,2025-08-16T14:00:00Z,90,False,True,19,0,17,3,2,3,124795
2561901,1,True,True,7,2025-08-16T16:30:00Z,90,False,True,13,4,20,0,4,2,124797
2561902,1,True,True,8,2025-08-17T13:00:00Z,90,False,True,8,0,7,0,3,3,124798
2561898,1,True,True,4,2025-08-17T13:00:00Z,90,False,True,5,1,16,3,3,3,124794
2561903,1,True,True,9,2025-08-17T15:30:00Z,90,False,True,1,1,14,0,4,4,124799
2561904,1,True,True,10,2025-08-18T19:00:00Z,90,False,True,9,0,11,1,3,3,124800
2561914,2,True,True,20,2025-08-22T19:00:00Z,90,False,True,7,5,19,1,3,3,124810
2561912,2,True,True,18,2025-08-23T11:30:00Z,90,False,True,18,2,13,0,3,5,124808
2561905,2,True,True,12,2025-08-23T14:00:00Z,90,False,True,20,0,4,1,1,4,124802
2561907,2,True,True,13,2025-08-23T14:00:00Z,90,False,True,2,0,5,1,3,3,124803
2561908,2,True,True,14,2025-08-23T14:00:00Z,90,False,True,17,0,3,2,2,2,124804
2561906,2,True,True,11,2025-08-23T16:30:00Z,90,False,True,11,0,1,5,2,5,124801
2561909,2,True,True,15,2025-08-24T13:00:00Z,90,False,True,16,1,8,1,3,3,124805
2561910,2,True,True,16,2025-08-24T13:00:00Z,90,False,True,6,0,9,2,3,3,124806
2561911,2,True,True,17,2025-08-24T15:30:00Z,90,False,True,14,1,10,1,3,3,124807
2561913,2,True,True,19,2025-08-25T19:00:00Z,90,False,True,12,3,15,2,3,3,124809
2561917,3,True,True,23,2025-08-30T11:30:00Z,90,False,True,10,0,7,2,3,3,124813
2561920,3,True,True,26,2025-08-30T14:00:00Z,90,False,True,3,2,14,3,1,4,124816
2561923,3,True,True,29,2025-08-30T14:00:00Z,90,False,True,4,1,18,0,3,3,124819
2561922,3,True,True,28,2025-08-30T14:00:00Z,90,False,True,5,1,17,2,3,3,124818
2561924,3,True,True,30,2025-08-30T14:00:00Z,90,False,True,9,3,20,2,3,2,124820
2561918,3,True,True,24,2025-08-30T16:30:00Z,90,False,True,15,0,11,0,3,3,124814
2561916,3,True,True,22,2025-08-31T13:00:00Z,90,False,True,13,1,6,2,4,4,124812
2561921,3,True,True,27,2025-08-31T13:00:00Z,90,False,True,19,3,16,0,2,3,124817
2561919,3,True,True,25,2025-08-31T15:30:00Z,90,False,True,1,0,12,1,4,4,124815
2561915,3,True,True,21,2025-08-31T18:00:00Z,90,False,True,8,3,2,0,3,4,124811
2561926,4,True,True,31,2025-09-13T11:30:00Z,90,False,True,16,0,1,3,3,5,124821
2561925,4,True,True,32,2025-09-13T14:00:00Z,90,False,True,6,1,4,2,3,4,124822
2561929,4,True,True,35,2025-09-13T14:00:00Z,90,False,True,17,0,8,0,2,3,124825
2561930,4,True,True,36,2025-09-13T14:00:00Z,90,False,True,2,0,9,0,3,3,124826
2561931,4,True,True,37,2025-09-13T14:00:00Z,90,False,True,11,0,10,1,2,3,124827
2561933,4,True,True,39,2025-09-13T14:00:00Z,90,False,True,20,0,15,1,1,3,124829
2561934,4,True,True,40,2025-09-13T16:30:00Z,90,False,True,18,3,19,0,3,3,124830
2561927,4,True,True,33,2025-09-13T19:00:00Z,90,False,True,7,2,5,2,3,3,124823
2561928,4,True,True,34,2025-09-14T13:00:00Z,90,False,True,12,1,3,0,3,2,124824
2561932,4,True,True,38,2025-09-14T15:30:00Z,90,False,True,14,0,13,3,3,5,124828
2561940,5,True,True,46,2025-09-20T11:30:00Z,90,False,True,9,1,12,2,3,4,124836
2561937,5,True,True,43,2025-09-20T14:00:00Z,90,False,True,18,2,6,2,3,4,124833
2561938,5,True,True,44,2025-09-20T14:00:00Z,90,False,True,16,1,3,1,3,2,124834
2561943,5,True,True,49,2025-09-20T14:00:00Z,90,False,True,8,2,19,1,3,3,124839
2561944,5,True,True,50,2025-09-20T14:00:00Z,90,False,True,11,3,20,1,2,2,124840
2561941,5,True,True,47,2025-09-20T16:30:00Z,90,False,True,7,1,14,2,3,4,124837
2561939,5,True,True,45,2025-09-20T19:00:00Z,90,False,True,5,1,10,3,3,3,124835
2561935,5,True,True,42,2025-09-21T13:00:00Z,90,False,True,15,0,4,0,3,4,124832
2561942,5,True,True,48,2025-09-21T13:00:00Z,90,False,True,2,1,17,1,3,3,124838
2561936,5,True,True,41,2025-09-21T15:30:00Z,90,False,True,13,1,1,1,4,5,124831
